titulo_noticia;time_mais_citado;qtd_citacoes_time_mais_citado;qtd_total_palavras;qtd_times_citados;link
retorno saboroso cat;Sport/Uninassau/Inst. Todos;10;780;2;https://lbf.com.br/noticias/retorno-saboroso-cat/
brasil e prata na americup 3x3;Nenhum time identificado;0;200;0;https://lbf.com.br/noticias/brasil-e-prata-na-americup-3x3/
tecnica do maranhao basquete quer time guerreiro nesta edicao da liga de basquete feminino lbf;Sport/Uninassau/Inst. Todos;1;593;1;https://lbf.com.br/noticias/tecnica-do-maranhao-basquete-quer-time-guerreiro-nesta-edicao-da-liga-de-basquete-feminino-lbf/
contando com dupla de pivos brasileiras chicago e superado pelo phoenix jogando fora de casa na wnba;Sport/Uninassau/Inst. Todos;1;372;1;https://lbf.com.br/noticias/contando-com-dupla-de-pivos-brasileiras-chicago-e-superado-pelo-phoenix-jogando-fora-de-casa-na-wnba/
bradesco derrota o xv mesmo atuando fora de casa pelo paulista feminino da serie a 2;Sport/Uninassau/Inst. Todos;1;303;1;https://lbf.com.br/noticias/bradesco-derrota-o-xv-mesmo-atuando-fora-de-casa-pelo-paulista-feminino-da-serie-a-2/
sport recife estreia na lbf 201415 no derby da capital pernambucana diante do estreante uninassauamerica;Sport/Uninassau/Inst. Todos;13;435;2;https://lbf.com.br/noticias/sport-recife-estreia-na-lbf-201415-no-derby-da-capital-pernambucana-diante-do-estreante-uninassauamerica/
a um passo do paraiso;SESI Araraquara Basquete;17;520;4;https://lbf.com.br/noticias/a-um-passo-do-paraiso/
selecao brasileira sub 16 feminina conta com experiencia internacional;Sport/Uninassau/Inst. Todos;1;788;1;https://lbf.com.br/noticias/selecao-brasileira-sub-16-feminina-conta-com-experiencia-internacional/
jogo 5 em fotos;Sport/Uninassau/Inst. Todos;5;117;1;https://lbf.com.br/noticias/jogo-5-em-fotos/
lance livre celso diniz gerente executivo da liga de basquete feminino lbf;Sport/Uninassau/Inst. Todos;2;152;1;https://lbf.com.br/noticias/lance-livre-celso-diniz-gerente-executivo-da-liga-de-basquete-feminino-lbf/
selecao brasileira adulta feminina encara a franca em torneio preparatorio;Sport/Uninassau/Inst. Todos;2;289;1;https://lbf.com.br/noticias/selecao-brasileira-adulta-feminina-encara-a-franca-em-torneio-preparatorio/
sodie doceslsb rj conhece datas da sul americana;Sport/Uninassau/Inst. Todos;1;311;1;https://lbf.com.br/noticias/sodie-doceslsb-rj-conhece-datas-da-sul-americana/
obrigado ruth;Cerrado BRB;1;577;3;https://lbf.com.br/noticias/obrigado-ruth/
karla costa disputara mundial master em orlando pela selecao brasileira;Sport/Uninassau/Inst. Todos;1;321;1;https://lbf.com.br/noticias/karla-costa-disputara-mundial-master-em-orlando-pela-selecao-brasileira/
sesi araraquara leva duelo regional;SESI Araraquara Basquete;53;711;5;https://lbf.com.br/noticias/sesi-araraquara-leva-duelo-regional/
campeonato paulista feminino sera aberto com quadrangular em americana;Santo André;12;522;2;https://lbf.com.br/noticias/campeonato-paulista-feminino-sera-aberto-com-quadrangular-em-americana/
premio destaque;Santo André;6;553;2;https://lbf.com.br/noticias/premio-destaque/
sampaio basquete x kto blumenau datas da semifinal;Sport/Uninassau/Inst. Todos;5;395;6;https://lbf.com.br/noticias/sampaio-basquete-x-kto-blumenau-datas-da-semifinal/
cacula presidente venceslau esta animado com estreia em casa na liga de basquete feminino lbf 201415;Pontz São José Basketball;8;512;3;https://lbf.com.br/noticias/cacula-presidente-venceslau-esta-animado-com-estreia-em-casa-na-liga-de-basquete-feminino-lbf-201415/
erika de souza e damiris do amaral se apresentam ao tecnico luiz zanon;Pontz São José Basketball;8;388;2;https://lbf.com.br/noticias/erika-de-souza-e-damiris-do-amaral-se-apresentam-ao-tecnico-luiz-zanon/
timao vence mais uma;Unimed Campinas Basquete;9;337;3;https://lbf.com.br/noticias/timao-vence-mais-uma/
e ouro;SESI Araraquara Basquete;4;372;4;https://lbf.com.br/noticias/e-ouro/
o caminho para o heptadeca;Unimed Campinas Basquete;4;400;4;https://lbf.com.br/noticias/o-caminho-para-o-heptadeca/
marcio cattaruzzi e reeleito presidente da liga de basquete feminino lbf;Sport/Uninassau/Inst. Todos;3;182;1;https://lbf.com.br/noticias/marcio-cattaruzzi-e-reeleito-presidente-da-liga-de-basquete-feminino-lbf/
fechou com honra;Santo André;10;511;2;https://lbf.com.br/noticias/fechou-com-honra/
atuacao de galo;Unimed Campinas Basquete;10;816;2;https://lbf.com.br/noticias/atuacao-de-galo/
pra colar na lideranca;Santo André;18;704;4;https://lbf.com.br/noticias/pra-colar-na-lideranca/
a bola vai subir;Santo André;26;806;1;https://lbf.com.br/noticias/a-bola-vai-subir/
que venha a colombia;Sport/Uninassau/Inst. Todos;1;492;1;https://lbf.com.br/noticias/que-venha-a-colombia/
segue_vivo;Sampaio Basquete;11;563;2;https://lbf.com.br/noticias/segue_vivo/
chegou a hora 3;Sport/Uninassau/Inst. Todos;10;672;1;https://lbf.com.br/noticias/chegou-a-hora-3/
recra e divino vencem pela serie a 2 do campeonato paulista feminino;Sport/Uninassau/Inst. Todos;1;412;1;https://lbf.com.br/noticias/recra-e-divino-vencem-pela-serie-a-2-do-campeonato-paulista-feminino/
sao josecolinas shopping quebra invencibilidade do uninassauamerica na lbf 201415;Pontz São José Basketball;16;807;3;https://lbf.com.br/noticias/sao-josecolinas-shopping-quebra-invencibilidade-do-uninassauamerica-na-lbf-201415/
tres seguidas;Sampaio Basquete;15;437;1;https://lbf.com.br/noticias/tres-seguidas/
noticias;Santo André;8;187;8;https://lbf.com.br/noticias/
ficou mais dificil;Sport/Uninassau/Inst. Todos;2;525;1;https://lbf.com.br/noticias/ficou-mais-dificil/
ela esta de volta 1;Santo André;2;465;1;https://lbf.com.br/noticias/ela-esta-de-volta-1/
quatro jogos movimentam a liga de basquete feminino lbf 201415 nesta segunda;Santo André;14;1098;3;https://lbf.com.br/noticias/quatro-jogos-movimentam-a-liga-de-basquete-feminino-lbf-201415-nesta-segunda/
triunfo na bagagem;SESI Araraquara Basquete;11;579;2;https://lbf.com.br/noticias/triunfo-na-bagagem/
renovada selecao brasileira feminina se prepara em sao jose dos campos para o sul americano;Pontz São José Basketball;8;736;3;https://lbf.com.br/noticias/renovada-selecao-brasileira-feminina-se-prepara-em-sao-jose-dos-campos-para-o-sul-americano/
sport recife viajou confiante para disputar a fase final da liga sul americana de clubes;Sport/Uninassau/Inst. Todos;3;363;1;https://lbf.com.br/noticias/sport-recife-viajou-confiante-para-disputar-a-fase-final-da-liga-sul-americana-de-clubes/
hoje tem 19h30 unisociesc blumenau x sampaio basquete;Sampaio Basquete;9;556;5;https://lbf.com.br/noticias/hoje-tem-19h30-unisociesc-blumenau-x-sampaio-basquete/
catanduva anuncia argentina ornela bacchini;Sport/Uninassau/Inst. Todos;3;346;1;https://lbf.com.br/noticias/catanduva-anuncia-argentina-ornela-bacchini/
com a presenca de clarissa dos santos festival fecha a temporada das escolinhas de iniciacao da adcf unimed;Sport/Uninassau/Inst. Todos;4;331;1;https://lbf.com.br/noticias/com-a-presenca-de-clarissa-dos-santos-festival-fecha-a-temporada-das-escolinhas-de-iniciacao-da-adcf-unimed/
kelly santos e sabatinada em evento no centro civico;Sport/Uninassau/Inst. Todos;5;549;1;https://lbf.com.br/noticias/kelly-santos-e-sabatinada-em-evento-no-centro-civico/
em 2021 lbf e na cultura;Sport/Uninassau/Inst. Todos;3;488;1;https://lbf.com.br/noticias/em-2021-lbf-e-na-cultura/
brasucas em destaque;Sampaio Basquete;6;995;4;https://lbf.com.br/noticias/brasucas-em-destaque/
ficou pra domingo;Sport/Uninassau/Inst. Todos;1;403;1;https://lbf.com.br/noticias/ficou-pra-domingo/
brasil perde do canada e disputa o bronze no pan americano de toronto diante de cuba;Sport/Uninassau/Inst. Todos;3;466;1;https://lbf.com.br/noticias/brasil-perde-do-canada-e-disputa-o-bronze-no-pan-americano-de-toronto-diante-de-cuba/
sao jose e santo andre jogam pela ultima vaga na semifinal da liga de basquete feminino lbf 201415;Pontz São José Basketball;20;426;3;https://lbf.com.br/noticias/sao-jose-e-santo-andre-jogam-pela-ultima-vaga-na-semifinal-da-liga-de-basquete-feminino-lbf-201415/
sport recife se reabilita na lbf 201415 derrotando o presidente venceslau jogando em recife;Sport/Uninassau/Inst. Todos;10;571;1;https://lbf.com.br/noticias/sport-recife-se-reabilita-na-lbf-201415-derrotando-o-presidente-venceslau-jogando-em-recife/
com excelente desempenho de tiffany hayes america derrota o americana e segue como unico invicto da lbf 201415;Sport/Uninassau/Inst. Todos;6;568;2;https://lbf.com.br/noticias/com-excelente-desempenho-de-tiffany-hayes-america-derrota-o-americana-e-segue-como-unico-invicto-da-lbf-201415/
avassalador 4;Santo André;12;719;4;https://lbf.com.br/noticias/avassalador-4/
ituano finaliza visitas escolares de 2019;Sport/Uninassau/Inst. Todos;6;423;1;https://lbf.com.br/noticias/ituano-finaliza-visitas-escolares-de-2019/
jogadores do basquetebol de sao jose dos campos vao interagir com atletas iniciantes;Sport/Uninassau/Inst. Todos;13;401;2;https://lbf.com.br/noticias/jogadores-do-basquetebol-de-sao-jose-dos-campos-vao-interagir-com-atletas-iniciantes/
que trio foi esse;Santo André;10;513;3;https://lbf.com.br/noticias/que-trio-foi-esse/
sesi araraquara nas finais;SESI Araraquara Basquete;13;538;4;https://lbf.com.br/noticias/sesi-araraquara-nas-finais/
campanha perfeita;Unimed Campinas Basquete;34;1041;4;https://lbf.com.br/noticias/campanha-perfeita/
representantes da liga de basquete feminino lbf no curso da entb em sao paulo;Sport/Uninassau/Inst. Todos;4;495;2;https://lbf.com.br/noticias/representantes-da-liga-de-basquete-feminino-lbf-no-curso-da-entb-em-sao-paulo/
brasiliavizinhanca na final do campeonato brasiliense adulto feminino;Sport/Uninassau/Inst. Todos;2;247;1;https://lbf.com.br/noticias/brasiliavizinhanca-na-final-do-campeonato-brasiliense-adulto-feminino/
depois jogos pelo campeonato paulista feminino da serie a 2 nesta quarta;Sport/Uninassau/Inst. Todos;1;254;1;https://lbf.com.br/noticias/depois-jogos-pelo-campeonato-paulista-feminino-da-serie-a-2-nesta-quarta/
partiu 2o turnoo;Sport/Uninassau/Inst. Todos;10;822;4;https://lbf.com.br/noticias/partiu-2o-turnoo/
depois de um periodo de folga uninassauamerica ja retornou aos treinamentos;Sport/Uninassau/Inst. Todos;4;213;1;https://lbf.com.br/noticias/depois-de-um-periodo-de-folga-uninassauamerica-ja-retornou-aos-treinamentos/
brasil vence mali e disputa o nono lugar no campeonato mundial sub 19 feminino;Sport/Uninassau/Inst. Todos;3;462;1;https://lbf.com.br/noticias/brasil-vence-mali-e-disputa-o-nono-lugar-no-campeonato-mundial-sub-19-feminino/
sandra pavon e convocada para o selecionado da argentina pelo tecnico cristian santander;Sport/Uninassau/Inst. Todos;1;285;1;https://lbf.com.br/noticias/sandra-pavon-e-convocada-para-o-selecionado-da-argentina-pelo-tecnico-cristian-santander/
nao para por ai;Sport/Uninassau/Inst. Todos;6;575;3;https://lbf.com.br/noticias/nao-para-por-ai/
em aberto;SESI Araraquara Basquete;25;977;3;https://lbf.com.br/noticias/em-aberto/
50 feito;Sport/Uninassau/Inst. Todos;1;423;1;https://lbf.com.br/noticias/50-feito/
ricardo molina presidente da adcf unimed recebe honraria na camara de vereadores de americana;Sport/Uninassau/Inst. Todos;6;396;1;https://lbf.com.br/noticias/ricardo-molina-presidente-da-adcf-unimed-recebe-honraria-na-camara-de-vereadores-de-americana/
mais dois jogos nesta sexta;Santo André;10;678;3;https://lbf.com.br/noticias/mais-dois-jogos-nesta-sexta/
comemore servia;Nenhum time identificado;0;779;0;https://lbf.com.br/noticias/comemore-servia/
com duplo duplo de licinara;Unimed Campinas Basquete;8;585;3;https://lbf.com.br/noticias/com-duplo-duplo-de-licinara/
sampaio correa confirma acerto com mais uma jogadora para a liga de basquete feminino lbf;Sampaio Basquete;7;542;4;https://lbf.com.br/noticias/sampaio-correa-confirma-acerto-com-mais-uma-jogadora-para-a-liga-de-basquete-feminino-lbf/
dornelas espera que torcida repita festa nas arquibancadas na primeira partida da decisao da lbf 201415;Sport/Uninassau/Inst. Todos;5;413;1;https://lbf.com.br/noticias/dornelas-espera-que-torcida-repita-festa-nas-arquibancadas-na-primeira-partida-da-decisao-da-lbf-201415/
vanessa sassa goncalves ministra aula aberta de basquete em escola de sao paulo;Sport/Uninassau/Inst. Todos;7;360;3;https://lbf.com.br/noticias/vanessa-sassa-goncalves-ministra-aula-aberta-de-basquete-em-escola-de-sao-paulo/
estreia com vitoria check;Nenhum time identificado;0;396;0;https://lbf.com.br/noticias/estreia-com-vitoria-check/
impecavel;Santo André;26;695;3;https://lbf.com.br/noticias/impecavel/
ca juventus realiza processo seletivo para o sub 13 feminino;Sport/Uninassau/Inst. Todos;1;170;1;https://lbf.com.br/noticias/ca-juventus-realiza-processo-seletivo-para-o-sub-13-feminino/
chance de fechar;Sampaio Basquete;14;946;2;https://lbf.com.br/noticias/chance-de-fechar/
ultimos ajustes;Santo André;4;478;3;https://lbf.com.br/noticias/ultimos-ajustes/
campeas se reabilitam;SESI Araraquara Basquete;12;490;3;https://lbf.com.br/noticias/campeas-se-reabilitam/
uma passadinha pela base 15;Sport/Uninassau/Inst. Todos;1;228;1;https://lbf.com.br/noticias/uma-passadinha-pela-base-15/
vera cruz campinas anuncia primeiras renovacoes;Unimed Campinas Basquete;2;306;1;https://lbf.com.br/noticias/vera-cruz-campinas-anuncia-primeiras-renovacoes/
segue vivo;Sampaio Basquete;21;849;2;https://lbf.com.br/noticias/segue-vivo/
olho nela nadia;Sampaio Basquete;6;1012;4;https://lbf.com.br/noticias/olho-nela-nadia/
natalia burian a lider em assistencias na liga de basquete feminino lbf 201415;Sport/Uninassau/Inst. Todos;5;424;1;https://lbf.com.br/noticias/natalia-burian-a-lider-em-assistencias-na-liga-de-basquete-feminino-lbf-201415/
peneira em sao jose;Pontz São José Basketball;8;336;2;https://lbf.com.br/noticias/peneira-em-sao-jose/
rapida recuperacao;Sport/Uninassau/Inst. Todos;2;565;1;https://lbf.com.br/noticias/rapida-recuperacao/
uma passadinha pela base 14;Sport/Uninassau/Inst. Todos;1;311;1;https://lbf.com.br/noticias/uma-passadinha-pela-base-14/
lbf nas escolas semana 4;Unimed Campinas Basquete;22;715;2;https://lbf.com.br/noticias/lbf-nas-escolas-semana-4/
escolinha da adrianinha;Sport/Uninassau/Inst. Todos;5;327;1;https://lbf.com.br/noticias/escolinha-da-adrianinha/
santo andre e sao jose vencem neste sabado pela quarta semana da lbf 201415;Santo André;16;694;3;https://lbf.com.br/noticias/santo-andre-e-sao-jose-vencem-neste-sabado-pela-quarta-semana-da-lbf-201415/
off the court 3;Sport/Uninassau/Inst. Todos;7;432;1;https://lbf.com.br/noticias/off-the-court-3/
lesionada pivo yuli cruz desfalca o basquete jaragua em dois jogos da liga de basquete feminino lbf 201415;Sport/Uninassau/Inst. Todos;4;435;2;https://lbf.com.br/noticias/lesionada-pivo-yuli-cruz-desfalca-o-basquete-jaragua-em-dois-jogos-da-liga-de-basquete-feminino-lbf-201415/
duelo de snipers;Unimed Campinas Basquete;11;710;3;https://lbf.com.br/noticias/duelo-de-snipers/
nonato retorna ao blumenau;Sampaio Basquete;2;314;3;https://lbf.com.br/noticias/nonato-retorna-ao-blumenau/
para se recuperar;Santo André;26;858;3;https://lbf.com.br/noticias/para-se-recuperar/
erika de souza se despede do uninassauamerica;Sport/Uninassau/Inst. Todos;7;514;2;https://lbf.com.br/noticias/erika-de-souza-se-despede-do-uninassauamerica/
beatriz a defensora do ano;Unimed Campinas Basquete;7;537;5;https://lbf.com.br/noticias/beatriz-a-defensora-do-ano/
dominante;Sport/Uninassau/Inst. Todos;3;625;2;https://lbf.com.br/noticias/dominante/
na ultima bola 2;Sport/Uninassau/Inst. Todos;1;511;1;https://lbf.com.br/noticias/na-ultima-bola-2/
rio claro basquete enfrenta o xv de piracicaba em partida amistosa;Sport/Uninassau/Inst. Todos;5;281;1;https://lbf.com.br/noticias/rio-claro-basquete-enfrenta-o-xv-de-piracicaba-em-partida-amistosa/
mvp das finais lbf caixa 2019 taina paixao renova com o sampaio basquete;Sampaio Basquete;10;487;3;https://lbf.com.br/noticias/mvp-das-finais-lbf-caixa-2019-taina-paixao-renova-com-o-sampaio-basquete/
campea do torneio de tres pontos 2018 tassia fecha com blumenau;Sport/Uninassau/Inst. Todos;9;540;2;https://lbf.com.br/noticias/campea-do-torneio-de-tres-pontos-2018-tassia-fecha-com-blumenau/
se impos;Santo André;14;512;3;https://lbf.com.br/noticias/se-impos/
americana fecha a primeira fase da lbf 201415 com a primeira colocacao confrontos do playoff estao definidos;Pontz São José Basketball;16;985;3;https://lbf.com.br/noticias/americana-fecha-a-primeira-fase-da-lbf-201415-com-a-primeira-colocacao-confrontos-do-playoff-estao-definidos/
bolivia sai na frente;Unimed Campinas Basquete;20;994;3;https://lbf.com.br/noticias/bolivia-sai-na-frente/
presidente da lbf participa de painel do basquete feminino na proxima terca;Santo André;2;500;2;https://lbf.com.br/noticias/presidente-da-lbf-participa-de-painel-do-basquete-feminino-na-proxima-terca/
sesi araraquara bate o cerrado antes da copa;SESI Araraquara Basquete;11;485;4;https://lbf.com.br/noticias/sesi-araraquara-bate-o-cerrado-antes-da-copa/
internacional e xv jogam pela recuperacao no paulista feminino da serie a 2;Sport/Uninassau/Inst. Todos;1;311;1;https://lbf.com.br/noticias/internacional-e-xv-jogam-pela-recuperacao-no-paulista-feminino-da-serie-a-2/
brasil cresce no jogo mas perde da australia na segunda rodada da zafer cup na turquia;Sport/Uninassau/Inst. Todos;5;393;1;https://lbf.com.br/noticias/brasil-cresce-no-jogo-mas-perde-da-australia-na-segunda-rodada-da-zafer-cup-na-turquia/
numero de jogadoras estrangeiras na proxima edicao da lbf sera de duas por equipe;Sport/Uninassau/Inst. Todos;1;218;1;https://lbf.com.br/noticias/numero-de-jogadoras-estrangeiras-na-proxima-edicao-da-lbf-sera-de-duas-por-equipe/
espirito de resiliencia;Sampaio Basquete;11;752;4;https://lbf.com.br/noticias/espirito-de-resiliencia/
decisiva aqui e na wnba;Nenhum time identificado;0;233;0;https://lbf.com.br/noticias/decisiva-aqui-e-na-wnba/
sao bernardo e xv jogam nesta sexta pelo paulista feminino da serie a 2;Sport/Uninassau/Inst. Todos;1;245;1;https://lbf.com.br/noticias/sao-bernardo-e-xv-jogam-nesta-sexta-pelo-paulista-feminino-da-serie-a-2/
sem as brasileiras nadia colhado e erika de souza atlanta dream perde na pre temporada da wnba;Sport/Uninassau/Inst. Todos;2;302;1;https://lbf.com.br/noticias/sem-as-brasileiras-nadia-colhado-e-erika-de-souza-atlanta-dream-perde-na-pre-temporada-da-wnba/
atual mvp da lbf thayna e homenageada na camara de mesquita;Sodiê Mesquita;22;441;5;https://lbf.com.br/noticias/atual-mvp-da-lbf-thayna-e-homenageada-na-camara-de-mesquita/
nova lideranca;Sampaio Basquete;11;450;4;https://lbf.com.br/noticias/nova-lideranca/
inscricao para o programa bolsa atleta termina nesta terca feira;Sport/Uninassau/Inst. Todos;4;410;2;https://lbf.com.br/noticias/inscricao-para-o-programa-bolsa-atleta-termina-nesta-terca-feira/
sesi araraquara e campeao;Santo André;12;494;2;https://lbf.com.br/noticias/sesi-araraquara-e-campeao/
deram show;Sampaio Basquete;2;570;1;https://lbf.com.br/noticias/deram-show/
santo andre apaba participa de encontro internacional;Santo André;2;318;1;https://lbf.com.br/noticias/santo-andre-apaba-participa-de-encontro-internacional/
hoje tem 19h30 unisociesc blumenau x unimed campinas;Unimed Campinas Basquete;13;516;5;https://lbf.com.br/noticias/hoje-tem-19h30-unisociesc-blumenau-x-unimed-campinas/
selecao brasileira feminina embarca para disputar o pan americano de toronto na segunda feira;Sport/Uninassau/Inst. Todos;1;462;1;https://lbf.com.br/noticias/selecao-brasileira-feminina-embarca-para-disputar-o-pan-americano-de-toronto-na-segunda-feira/
ad santo andre empata final paulista;Santo André;8;224;2;https://lbf.com.br/noticias/ad-santo-andre-empata-final-paulista/
tubarao absoluto;Sampaio Basquete;10;347;3;https://lbf.com.br/noticias/tubarao-absoluto/
sport gloria do goita volta a vencer no recife;Sport/Uninassau/Inst. Todos;14;576;3;https://lbf.com.br/noticias/sport-gloria-do-goita-volta-a-vencer-no-recife/
uma passadinha pela base 16;Sport/Uninassau/Inst. Todos;1;226;1;https://lbf.com.br/noticias/uma-passadinha-pela-base-16/
apos mandato tampao ricardo molina e reeleito por mais quatro anos;Santo André;2;546;2;https://lbf.com.br/noticias/apos-mandato-tampao-ricardo-molina-e-reeleito-por-mais-quatro-anos/
america derrota o barretos e assume a lideranca isolada da lbf 201415 com 100 de aproveitamento;Sport/Uninassau/Inst. Todos;7;516;1;https://lbf.com.br/noticias/america-derrota-o-barretos-e-assume-a-lideranca-isolada-da-lbf-201415-com-100-de-aproveitamento/
erika de souza e apresentada ao adana aski;Sport/Uninassau/Inst. Todos;4;752;1;https://lbf.com.br/noticias/erika-de-souza-e-apresentada-ao-adana-aski/
jogo quente em santa catarina sc;SESI Araraquara Basquete;16;930;5;https://lbf.com.br/noticias/jogo-quente-em-santa-catarina-sc/
bronze definido;Unimed Campinas Basquete;9;427;4;https://lbf.com.br/noticias/bronze-definido/
unimed campinas avanca;Unimed Campinas Basquete;134;1215;6;https://lbf.com.br/noticias/unimed-campinas-avanca/
aberto o credenciamento para o derby da capital pernambucana;Sport/Uninassau/Inst. Todos;8;207;1;https://lbf.com.br/noticias/aberto-o-credenciamento-para-o-derby-da-capital-pernambucana/
foco no sabado;Sampaio Basquete;4;754;3;https://lbf.com.br/noticias/foco-no-sabado/
lbf apresenta mais inovacoes em sua gestao;Sport/Uninassau/Inst. Todos;4;660;3;https://lbf.com.br/noticias/lbf-apresenta-mais-inovacoes-em-sua-gestao/
a palavra dos dirigentes;ADRM Maringá;2;491;3;https://lbf.com.br/noticias/a-palavra-dos-dirigentes/
7 seguidas para o vera cruz campinas;Sampaio Basquete;17;568;4;https://lbf.com.br/noticias/7-seguidas-para-o-vera-cruz-campinas/
embalou de vez;Sport/Uninassau/Inst. Todos;4;697;4;https://lbf.com.br/noticias/embalou-de-vez/
muita moral;Sport/Uninassau/Inst. Todos;3;367;1;https://lbf.com.br/noticias/muita-moral/
uninassauamerica contrata a jovem alapivo nicolle chirinda;Sport/Uninassau/Inst. Todos;5;340;1;https://lbf.com.br/noticias/uninassauamerica-contrata-a-jovem-alapivo-nicolle-chirinda/
novidades e um retorno especial no ad santo andre;Santo André;6;384;2;https://lbf.com.br/noticias/novidades-e-um-retorno-especial-no-ad-santo-andre/
com quase 50 dos votos adrianinha domina a votacao de craque da galera;Sport/Uninassau/Inst. Todos;5;274;1;https://lbf.com.br/noticias/com-quase-50-dos-votos-adrianinha-domina-a-votacao-de-craque-da-galera/
bem vinda de volta caixa;Sport/Uninassau/Inst. Todos;7;889;6;https://lbf.com.br/noticias/bem-vinda-de-volta-caixa/
babi e campea;Sport/Uninassau/Inst. Todos;6;484;4;https://lbf.com.br/noticias/babi-e-campea/
jogo 3 determinante;Sampaio Basquete;5;434;3;https://lbf.com.br/noticias/jogo-3-determinante/
carol ross apresentada as atletas do uninassauamerica;Sport/Uninassau/Inst. Todos;5;266;1;https://lbf.com.br/noticias/carol-ross-apresentada-as-atletas-do-uninassauamerica/
duas atletas do santo andre integram a selecao brasileira que se prepara para o campeonato mundial da turquia;Santo André;8;483;3;https://lbf.com.br/noticias/duas-atletas-do-santo-andre-integram-a-selecao-brasileira-que-se-prepara-para-o-campeonato-mundial-da-turquia/
bolivia da o troco;Sampaio Basquete;9;551;3;https://lbf.com.br/noticias/bolivia-da-o-troco/
minnesota de damiris do amaral vence e atlanta de erika de souza perde na rodada da wnba;Sport/Uninassau/Inst. Todos;1;463;1;https://lbf.com.br/noticias/minnesota-de-damiris-do-amaral-vence-e-atlanta-de-erika-de-souza-perde-na-rodada-da-wnba/
tecnicos de basquete do brasil se unem e criam associacao;Pontz São José Basketball;2;565;2;https://lbf.com.br/noticias/tecnicos-de-basquete-do-brasil-se-unem-e-criam-associacao/
100paio;Sampaio Basquete;20;724;5;https://lbf.com.br/noticias/100paio/
100 presente;Sport/Uninassau/Inst. Todos;2;484;2;https://lbf.com.br/noticias/100-presente/
trio impulsiona o galo na terceira seguida;Sodiê Mesquita;8;839;3;https://lbf.com.br/noticias/trio-impulsiona-o-galo-na-terceira-seguida/
e a vez da arbitragem;Sport/Uninassau/Inst. Todos;6;436;1;https://lbf.com.br/noticias/e-a-vez-da-arbitragem/
corinthiansamericana estreia na fase final da liga sul americana nesta quarta diante da ute;Sport/Uninassau/Inst. Todos;4;390;1;https://lbf.com.br/noticias/corinthiansamericana-estreia-na-fase-final-da-liga-sul-americana-nesta-quarta-diante-da-ute/
um dia importante para o basquete feminino;Sport/Uninassau/Inst. Todos;3;554;1;https://lbf.com.br/noticias/um-dia-importante-para-o-basquete-feminino/
bradesco derrota o sesi sp e sobe para o terceiro lugar no paulista feminino da serie a 2;Sport/Uninassau/Inst. Todos;1;261;1;https://lbf.com.br/noticias/bradesco-derrota-o-sesi-sp-e-sobe-para-o-terceiro-lugar-no-paulista-feminino-da-serie-a-2/
destaque nos numeros;Unimed Campinas Basquete;5;517;2;https://lbf.com.br/noticias/destaque-nos-numeros/
santo andre apaba e sesi araraquara decidem titulo paulista;Santo André;6;231;3;https://lbf.com.br/noticias/santo-andre-apaba-e-sesi-araraquara-decidem-titulo-paulista/
vai ter jogo 3 ver uni;Unimed Campinas Basquete;7;636;4;https://lbf.com.br/noticias/vai-ter-jogo-3-ver-uni/
ituano sesi araraquara e ad santo andre vencem no sabado triplo da lbf caixa;Unimed Campinas Basquete;14;637;7;https://lbf.com.br/noticias/ituano-sesi-araraquara-e-ad-santo-andre-vencem-no-sabado-triplo-da-lbf-caixa/
elenco brasileiro confia em boa performance no campeonato mundial da turquia;Pontz São José Basketball;8;812;2;https://lbf.com.br/noticias/elenco-brasileiro-confia-em-boa-performance-no-campeonato-mundial-da-turquia/
a decima do sesi;ADRM Maringá;7;370;3;https://lbf.com.br/noticias/a-decima-do-sesi/
implacavel;Unimed Campinas Basquete;6;342;2;https://lbf.com.br/noticias/implacavel/
sem gabi sem problema;Sport/Uninassau/Inst. Todos;3;582;3;https://lbf.com.br/noticias/sem-gabi-sem-problema/
lbf das mina;Sport/Uninassau/Inst. Todos;11;662;6;https://lbf.com.br/noticias/lbf-das-mina/
corinthiansamericana vence bem e se qualifica a semifinal sport recife e eliminado;Sport/Uninassau/Inst. Todos;2;552;1;https://lbf.com.br/noticias/corinthiansamericana-vence-bem-e-se-qualifica-a-semifinal-sport-recife-e-eliminado/
unimedamericana supera o rio claro basquete e se reabilita no campeonato paulista feminino;Santo André;4;441;2;https://lbf.com.br/noticias/unimedamericana-supera-o-rio-claro-basquete-e-se-reabilita-no-campeonato-paulista-feminino/
tubarao mostra forca no sul;Sampaio Basquete;16;698;4;https://lbf.com.br/noticias/tubarao-mostra-forca-no-sul/
no ultimo lance;Nenhum time identificado;0;547;0;https://lbf.com.br/noticias/no-ultimo-lance/
ituano basquete x unimed campinas;Unimed Campinas Basquete;15;649;3;https://lbf.com.br/noticias/ituano-basquete-x-unimed-campinas/
sesi sai na frente;Sodiê Mesquita;16;539;3;https://lbf.com.br/noticias/sesi-sai-na-frente/
tudo pronto 3;Sport/Uninassau/Inst. Todos;1;150;1;https://lbf.com.br/noticias/tudo-pronto-3/
que atuacao;Santo André;24;545;2;https://lbf.com.br/noticias/que-atuacao/
nadia colhado espera bom desempenho em training camp do atlanta dream;Sport/Uninassau/Inst. Todos;5;371;1;https://lbf.com.br/noticias/nadia-colhado-espera-bom-desempenho-em-training-camp-do-atlanta-dream/
treineemcasa;Santo André;2;384;2;https://lbf.com.br/noticias/treineemcasa/
chegou o dia;Sampaio Basquete;20;752;3;https://lbf.com.br/noticias/chegou-o-dia/
lbf caixa 2020 abre com ituano basquete e santo andre apaba;Santo André;12;659;5;https://lbf.com.br/noticias/lbf-caixa-2020-abre-com-ituano-basquete-e-santo-andre-apaba/
rio claro basquete contrata a pivo cubana yuli cruz ex ourinhos;Sport/Uninassau/Inst. Todos;3;314;1;https://lbf.com.br/noticias/rio-claro-basquete-contrata-a-pivo-cubana-yuli-cruz-ex-ourinhos/
brasil supera o uruguai e chega a segunda vitoria no sul americano adulto feminino;Sport/Uninassau/Inst. Todos;3;815;2;https://lbf.com.br/noticias/brasil-supera-o-uruguai-e-chega-a-segunda-vitoria-no-sul-americano-adulto-feminino/
grande reforco;Santo André;6;370;2;https://lbf.com.br/noticias/grande-reforco/
brasileiras seguem com bom despenho na temporada 2014 da wnba;Sport/Uninassau/Inst. Todos;3;514;1;https://lbf.com.br/noticias/brasileiras-seguem-com-bom-despenho-na-temporada-2014-da-wnba/
vai brasil 4;Sampaio Basquete;6;475;4;https://lbf.com.br/noticias/vai-brasil-4/
e meu;Santo André;18;686;3;https://lbf.com.br/noticias/e-meu/
tudo azul san;Santo André;20;903;3;https://lbf.com.br/noticias/tudo-azul-san/
as rivais bielorrussia;Nenhum time identificado;0;581;0;https://lbf.com.br/noticias/as-rivais-bielorrussia/
uninassau recife repatria isabela ramona;Sport/Uninassau/Inst. Todos;11;616;4;https://lbf.com.br/noticias/uninassau-recife-repatria-isabela-ramona/
bax catanduva vence jogo de tres pontos;SESI Araraquara Basquete;4;617;4;https://lbf.com.br/noticias/bax-catanduva-vence-jogo-de-tres-pontos/
armadora natalia burian acerta com o presidente venceslau;Sport/Uninassau/Inst. Todos;3;347;1;https://lbf.com.br/noticias/armadora-natalia-burian-acerta-com-o-presidente-venceslau/
campea da lbf caixa em 2018 monica nascimento assina com o ituano;Sport/Uninassau/Inst. Todos;2;413;2;https://lbf.com.br/noticias/campea-da-lbf-caixa-em-2018-monica-nascimento-assina-com-o-ituano/
corinthiansamericana ja trabalha visando a disputa do campeonato paulista;Sport/Uninassau/Inst. Todos;1;318;1;https://lbf.com.br/noticias/corinthiansamericana-ja-trabalha-visando-a-disputa-do-campeonato-paulista/
escrita mantida;Unimed Campinas Basquete;15;553;4;https://lbf.com.br/noticias/escrita-mantida/
estreia com dna campineiro;Sport/Uninassau/Inst. Todos;9;784;3;https://lbf.com.br/noticias/estreia-com-dna-campineiro/
sesi araraquara desbanca ad santo andre no abc;Santo André;32;783;5;https://lbf.com.br/noticias/sesi-araraquara-desbanca-ad-santo-andre-no-abc/
sodie doces mesquita lsb rj acerta reforcos estrangeiros;Sodiê Mesquita;2;310;1;https://lbf.com.br/noticias/sodie-doces-mesquita-lsb-rj-acerta-reforcos-estrangeiros/
estrelas conosco;Sport/Uninassau/Inst. Todos;1;331;1;https://lbf.com.br/noticias/estrelas-conosco/
sampaio finalista;Santo André;94;1215;4;https://lbf.com.br/noticias/sampaio-finalista/
ingressos no taquaral;Unimed Campinas Basquete;2;305;2;https://lbf.com.br/noticias/ingressos-no-taquaral/
selecao brasileira feminina 3x3 18 garante vaga nas oitavas do mundial;Sport/Uninassau/Inst. Todos;3;466;1;https://lbf.com.br/noticias/selecao-brasileira-feminina-3x3-18-garante-vaga-nas-oitavas-do-mundial/
maos a obra;Sport/Uninassau/Inst. Todos;1;543;1;https://lbf.com.br/noticias/maos-a-obra/
ja e decisao;Sampaio Basquete;14;789;3;https://lbf.com.br/noticias/ja-e-decisao/
experiencia sem economia;SESI Araraquara Basquete;6;639;3;https://lbf.com.br/noticias/experiencia-sem-economia/
aectietebax catanduva acerta retorno de larissa;Sport/Uninassau/Inst. Todos;2;377;2;https://lbf.com.br/noticias/aectietebax-catanduva-acerta-retorno-de-larissa/
pegando fogo;Pontz São José Basketball;10;382;2;https://lbf.com.br/noticias/pegando-fogo/
jogadoras da apabunifeb barretos visitam casa assistencial;Santo André;2;440;2;https://lbf.com.br/noticias/jogadoras-da-apabunifeb-barretos-visitam-casa-assistencial/
the gilrs conquista titulo do brasileiro 3x3 18 feminino;Sport/Uninassau/Inst. Todos;4;525;1;https://lbf.com.br/noticias/the-gilrs-conquista-titulo-do-brasileiro-3x3-18-feminino/
na boa;Sport/Uninassau/Inst. Todos;20;585;3;https://lbf.com.br/noticias/na-boa/
o jogo 3 das finais na historia;Sampaio Basquete;11;780;3;https://lbf.com.br/noticias/o-jogo-3-das-finais-na-historia/
camara dos deputados homenageia o basquete brasileiro;Sport/Uninassau/Inst. Todos;3;400;1;https://lbf.com.br/noticias/camara-dos-deputados-homenageia-o-basquete-brasileiro/
patty impossivel;Sport/Uninassau/Inst. Todos;2;749;2;https://lbf.com.br/noticias/patty-impossivel/
selecao brasileira feminina recebe visitas ilustres na preparacao para o pan americano;Unimed Campinas Basquete;6;798;2;https://lbf.com.br/noticias/selecao-brasileira-feminina-recebe-visitas-ilustres-na-preparacao-para-o-pan-americano/
maranhao basquete chega aos playoffs da lbf 201415 em vantagem diante do sport recife;Sport/Uninassau/Inst. Todos;5;516;2;https://lbf.com.br/noticias/maranhao-basquete-chega-aos-playoffs-da-lbf-201415-em-vantagem-diante-do-sport-recife/
um super sabado na liga de basquete feminino lbf 201415;Santo André;12;547;3;https://lbf.com.br/noticias/um-super-sabado-na-liga-de-basquete-feminino-lbf-201415/
hoje tem 19h30 sodie mesquita x unisociesc blumenau;Sodiê Mesquita;13;443;3;https://lbf.com.br/noticias/hoje-tem-19h30-sodie-mesquita-x-unisociesc-blumenau/
com apoio da torcida;SESI Araraquara Basquete;13;404;4;https://lbf.com.br/noticias/com-apoio-da-torcida/
conheca o quinteto ideal lbf 2021;SESI Araraquara Basquete;4;859;5;https://lbf.com.br/noticias/conheca-o-quinteto-ideal-lbf-2021/
muito perto;Sampaio Basquete;9;723;2;https://lbf.com.br/noticias/muito-perto/
basquete jaragua disputa o campeonato catarinense a partir de 08 de agosto;Pontz São José Basketball;2;464;2;https://lbf.com.br/noticias/basquete-jaragua-disputa-o-campeonato-catarinense-a-partir-de-08-de-agosto/
boletim abcd conceitos sobre dopagem e antidopagem;Sport/Uninassau/Inst. Todos;5;1052;1;https://lbf.com.br/noticias/boletim-abcd-conceitos-sobre-dopagem-e-antidopagem/
relatos das estrelas;Santo André;8;764;3;https://lbf.com.br/noticias/relatos-das-estrelas/
corinthiansamericana inicia nova etapa na preparacao para a fase final da liga sul americana;Sport/Uninassau/Inst. Todos;2;484;1;https://lbf.com.br/noticias/corinthiansamericana-inicia-nova-etapa-na-preparacao-para-a-fase-final-da-liga-sul-americana/
rcefm net transmite o jogo entre america e presidente venceslau ao vivo;Sport/Uninassau/Inst. Todos;5;334;2;https://lbf.com.br/noticias/rcefm-net-transmite-o-jogo-entre-america-e-presidente-venceslau-ao-vivo/
confira os destaques da quarta semana da liga de basquete feminino lbf 201415;Sport/Uninassau/Inst. Todos;18;574;3;https://lbf.com.br/noticias/confira-os-destaques-da-quarta-semana-da-liga-de-basquete-feminino-lbf-201415/
sao bernardobrazolinunip e poty bax catanduva disputam primeira divisao do paulista;Santo André;2;235;4;https://lbf.com.br/noticias/sao-bernardobrazolinunip-e-poty-bax-catanduva-disputam-primeira-divisao-do-paulista/
chicago de clarissa dos santos e atlanta de erika de souza e nadia colhado vencem na rodada da wnba;Sport/Uninassau/Inst. Todos;1;474;1;https://lbf.com.br/noticias/chicago-de-clarissa-dos-santos-e-atlanta-de-erika-de-souza-e-nadia-colhado-vencem-na-rodada-da-wnba/
lbf tem novo vice presidente;Sampaio Basquete;2;383;2;https://lbf.com.br/noticias/lbf-tem-novo-vice-presidente/
unisociesc blumenau heroico;Sport/Uninassau/Inst. Todos;3;637;2;https://lbf.com.br/noticias/unisociesc-blumenau-heroico/
com v maiusculo;Santo André;6;679;3;https://lbf.com.br/noticias/com-v-maiusculo/
uma passadinha pela base 3;Sport/Uninassau/Inst. Todos;7;360;1;https://lbf.com.br/noticias/uma-passadinha-pela-base-3/
fpb divulga tabela da semifinal do campeonato paulista adulto feminino;Santo André;8;246;2;https://lbf.com.br/noticias/fpb-divulga-tabela-da-semifinal-do-campeonato-paulista-adulto-feminino/
brasiliavizinhanca contrata a alaarmadora caca martins;Pontz São José Basketball;6;332;3;https://lbf.com.br/noticias/brasiliavizinhanca-contrata-a-alaarmadora-caca-martins/
gil decisiva;Santo André;20;631;3;https://lbf.com.br/noticias/gil-decisiva/
tem promocao no facebook da lbf;Sport/Uninassau/Inst. Todos;2;157;1;https://lbf.com.br/noticias/tem-promocao-no-facebook-da-lbf/
e hoje live de lancamento da lbf 2022;Sport/Uninassau/Inst. Todos;3;307;2;https://lbf.com.br/noticias/e-hoje-live-de-lancamento-da-lbf-2022/
rio claro basquete trabalha na pre temporada visando o paulista jogos abertos e a liga de basquete feminino lbf;Sport/Uninassau/Inst. Todos;3;380;3;https://lbf.com.br/noticias/rio-claro-basquete-trabalha-na-pre-temporada-visando-o-paulista-jogos-abertos-e-a-liga-de-basquete-feminino-lbf/
vitoria sodie 2;Sodiê Mesquita;99;893;2;https://lbf.com.br/noticias/vitoria-sodie-2/
a ficha esta caindo aos poucos;Sport/Uninassau/Inst. Todos;2;545;2;https://lbf.com.br/noticias/a-ficha-esta-caindo-aos-poucos/
rodada final da primeira fase do campeonato paulista feminino sera jogada neste sabado em rio claro;Santo André;12;735;2;https://lbf.com.br/noticias/rodada-final-da-primeira-fase-do-campeonato-paulista-feminino-sera-jogada-neste-sabado-em-rio-claro/
caravana em campinas;Unimed Campinas Basquete;6;646;2;https://lbf.com.br/noticias/caravana-em-campinas/
barbara souza ja treina na apabbarretos visando a liga de basquete feminino lbf 201415;Pontz São José Basketball;2;276;3;https://lbf.com.br/noticias/barbara-souza-ja-treina-na-apabbarretos-visando-a-liga-de-basquete-feminino-lbf-201415/
atlanta dream de nadia colhado e erika de souza vence fora de casa na wnba;Sport/Uninassau/Inst. Todos;2;397;1;https://lbf.com.br/noticias/atlanta-dream-de-nadia-colhado-e-erika-de-souza-vence-fora-de-casa-na-wnba/
sport recife derrota o deportivo beraz e garante vaga na grande final do sul americano de clubes;Sport/Uninassau/Inst. Todos;7;389;1;https://lbf.com.br/noticias/sport-recife-derrota-o-deportivo-beraz-e-garante-vaga-na-grande-final-do-sul-americano-de-clubes/
uma passadinha pela base 39;Sport/Uninassau/Inst. Todos;4;738;1;https://lbf.com.br/noticias/uma-passadinha-pela-base-39/
tem promo no ar;Nenhum time identificado;0;106;0;https://lbf.com.br/noticias/tem-promo-no-ar/
tubarao abre vantagem smb;Santo André;28;814;5;https://lbf.com.br/noticias/tubarao-abre-vantagem-smb/
molecadanobasquete e o destaque desta segunda feira na liga de basquete feminino lbf 201415;Sport/Uninassau/Inst. Todos;9;554;2;https://lbf.com.br/noticias/molecadanobasquete-e-o-destaque-desta-segunda-feira-na-liga-de-basquete-feminino-lbf-201415/
nota oficial 2;Sport/Uninassau/Inst. Todos;1;180;1;https://lbf.com.br/noticias/nota-oficial-2/
melisa gretter e do sampaio basquete;Sampaio Basquete;4;370;3;https://lbf.com.br/noticias/melisa-gretter-e-do-sampaio-basquete/
sao josecolinas shopping contrata a alaarmadora uruguaia vico souto;Pontz São José Basketball;4;258;2;https://lbf.com.br/noticias/sao-josecolinas-shopping-contrata-a-alaarmadora-uruguaia-vico-souto/
guerreira karla costa espera grandes jogos e serie equilibrada diante do maranhao basquete na semifinal da lbf 201415;Sport/Uninassau/Inst. Todos;7;439;2;https://lbf.com.br/noticias/guerreira-karla-costa-espera-grandes-jogos-e-serie-equilibrada-diante-do-maranhao-basquete-na-semifinal-da-lbf-201415/
joao camargo e o novo tecnico do sesi araraquara;SESI Araraquara Basquete;12;419;2;https://lbf.com.br/noticias/joao-camargo-e-o-novo-tecnico-do-sesi-araraquara/
vera cruz campinas anuncia damiris dantas;Unimed Campinas Basquete;5;404;1;https://lbf.com.br/noticias/vera-cruz-campinas-anuncia-damiris-dantas/
xaras comandam nova vitoria da sodie mesquita;Sodiê Mesquita;40;670;4;https://lbf.com.br/noticias/xaras-comandam-nova-vitoria-da-sodie-mesquita/
noite de recordes no recife;Sport/Uninassau/Inst. Todos;10;701;4;https://lbf.com.br/noticias/noite-de-recordes-no-recife/
hoje tem 19h30 bax catanduva x unisociesc blumenau;Sport/Uninassau/Inst. Todos;3;356;4;https://lbf.com.br/noticias/hoje-tem-19h30-bax-catanduva-x-unisociesc-blumenau/
a bola vai subir 2;Santo André;12;781;4;https://lbf.com.br/noticias/a-bola-vai-subir-2/
america se recupera na lbf 201415 derrotando o presidente venceslau em casa no complemento da oitava semana;Sport/Uninassau/Inst. Todos;8;534;2;https://lbf.com.br/noticias/america-se-recupera-na-lbf-201415-derrotando-o-presidente-venceslau-em-casa-no-complemento-da-oitava-semana/
le lisboa e a craque da galera lbf 2022;Sampaio Basquete;6;369;3;https://lbf.com.br/noticias/le-lisboa-e-a-craque-da-galera-lbf-2022/
lbf apresenta neste domingo a edicao 2019 da lbf caixa;Unimed Campinas Basquete;9;522;5;https://lbf.com.br/noticias/lbf-apresenta-neste-domingo-a-edicao-2019-da-lbf-caixa/
de ponta a ponta 3;Sport/Uninassau/Inst. Todos;3;767;2;https://lbf.com.br/noticias/de-ponta-a-ponta-3/
14849 2;Sport/Uninassau/Inst. Todos;8;546;1;https://lbf.com.br/noticias/14849-2/
partida entre inter e divino abre o returno da fase inicial do campeonato paulista feminino da serie a 2;Sport/Uninassau/Inst. Todos;1;277;1;https://lbf.com.br/noticias/partida-entre-inter-e-divino-abre-o-returno-da-fase-inicial-do-campeonato-paulista-feminino-da-serie-a-2/
radio esporte web transmite ao vivo o jogo entre apabunifeb barretos e adcf unimedamericana;Sport/Uninassau/Inst. Todos;4;187;1;https://lbf.com.br/noticias/radio-esporte-web-transmite-ao-vivo-o-jogo-entre-apabunifeb-barretos-e-adcf-unimedamericana/
a quase 24h do fim da votacao jackson lidera craque da galera;Sampaio Basquete;6;440;4;https://lbf.com.br/noticias/a-quase-24h-do-fim-da-votacao-jackson-lidera-craque-da-galera/
sesi amassa;SESI Araraquara Basquete;11;397;4;https://lbf.com.br/noticias/sesi-amassa/
adcf unimedamericana treina visando o retorno da liga de basquete feminino lbf 201415;Sport/Uninassau/Inst. Todos;4;331;1;https://lbf.com.br/noticias/adcf-unimedamericana-treina-visando-o-retorno-da-liga-de-basquete-feminino-lbf-201415/
vitoria solida;Santo André;20;421;2;https://lbf.com.br/noticias/vitoria-solida/
corinthiansamericana e derrotado pela ute na abertura da fase final da liga sul americana de clubes;Sport/Uninassau/Inst. Todos;4;499;1;https://lbf.com.br/noticias/corinthiansamericana-e-derrotado-pela-ute-na-abertura-da-fase-final-da-liga-sul-americana-de-clubes/
vitoria estrelada;SESI Araraquara Basquete;7;644;3;https://lbf.com.br/noticias/vitoria-estrelada/
sequencia ampliada;Sport/Uninassau/Inst. Todos;1;442;1;https://lbf.com.br/noticias/sequencia-ampliada/
grande homenagem;Sport/Uninassau/Inst. Todos;4;340;1;https://lbf.com.br/noticias/grande-homenagem/
bem vinda de volta;Sport/Uninassau/Inst. Todos;2;606;1;https://lbf.com.br/noticias/bem-vinda-de-volta/
uninassau pe leva o titulo liga do desporto universitario de basquete 3x3;Sport/Uninassau/Inst. Todos;13;444;2;https://lbf.com.br/noticias/uninassau-pe-leva-o-titulo-liga-do-desporto-universitario-de-basquete-3x3/
maranhao basquete se reabilita na lbf 201415 ao derrotar o brasilia em casa pela setima semana;Pontz São José Basketball;4;484;3;https://lbf.com.br/noticias/maranhao-basquete-se-reabilita-na-lbf-201415-ao-derrotar-o-brasilia-em-casa-pela-setima-semana/
que encerramento;Sampaio Basquete;5;783;4;https://lbf.com.br/noticias/que-encerramento/
rio claro basquete fecha ciclo de contratacoes com mais duas jogadoras;Santo André;4;328;3;https://lbf.com.br/noticias/rio-claro-basquete-fecha-ciclo-de-contratacoes-com-mais-duas-jogadoras/
americana e america pe se garantem na semifinal da lbf 201415 e maranhao basquete iguala a serie;Sport/Uninassau/Inst. Todos;8;719;3;https://lbf.com.br/noticias/americana-e-america-pe-se-garantem-na-semifinal-da-lbf-201415-e-maranhao-basquete-iguala-a-serie/
atlanta de erika de souza derrota o minnesota de damiris dantas no brazilian night on friday;Sport/Uninassau/Inst. Todos;5;460;1;https://lbf.com.br/noticias/atlanta-de-erika-de-souza-derrota-o-minnesota-de-damiris-dantas-no-brazilian-night-on-friday/
paixao no maranhao;Sampaio Basquete;8;512;4;https://lbf.com.br/noticias/paixao-no-maranhao/
comunicado fechamento temporario do escritorio;Nenhum time identificado;0;151;0;https://lbf.com.br/noticias/comunicado-fechamento-temporario-do-escritorio/
erika e da bolivia;Sampaio Basquete;8;575;2;https://lbf.com.br/noticias/erika-e-da-bolivia/
olho nela adrianinha;Sport/Uninassau/Inst. Todos;1;901;1;https://lbf.com.br/noticias/olho-nela-adrianinha/
uninassau vence na estreia da ldu fase nacional;Sport/Uninassau/Inst. Todos;12;499;1;https://lbf.com.br/noticias/uninassau-vence-na-estreia-da-ldu-fase-nacional/
atuacao de gala 2;Sport/Uninassau/Inst. Todos;3;586;2;https://lbf.com.br/noticias/atuacao-de-gala-2/
seis e contando;Sport/Uninassau/Inst. Todos;4;635;1;https://lbf.com.br/noticias/seis-e-contando/
lance livre duda papp jogadora do basquete jaragua;Sport/Uninassau/Inst. Todos;3;205;1;https://lbf.com.br/noticias/lance-livre-duda-papp-jogadora-do-basquete-jaragua/
em parceria com o sesc uninassauamerica lanca o cestinhas do futuro nesta quinta feira;Sport/Uninassau/Inst. Todos;7;340;1;https://lbf.com.br/noticias/em-parceria-com-o-sesc-uninassauamerica-lanca-o-cestinhas-do-futuro-nesta-quinta-feira/
secretario ricardo leyser proferiu palestra em sao paulo falando sobre o esporte olimpico e seus legados;Sport/Uninassau/Inst. Todos;15;415;1;https://lbf.com.br/noticias/secretario-ricardo-leyser-proferiu-palestra-em-sao-paulo-falando-sobre-o-esporte-olimpico-e-seus-legados/
lbf na terra da copa as universiadas em caza;Sport/Uninassau/Inst. Todos;4;702;3;https://lbf.com.br/noticias/lbf-na-terra-da-copa-as-universiadas-em-caza/
a lbf 2023 esta chegando;Sodiê Mesquita;22;1479;6;https://lbf.com.br/noticias/a-lbf-2023-esta-chegando/
barretos ja trabalha na montagem do elenco para temporada 201516;Sport/Uninassau/Inst. Todos;1;300;1;https://lbf.com.br/noticias/barretos-ja-trabalha-na-montagem-do-elenco-para-temporada-201516/
lbf renova certificacao junto a secretaria especial do esporte 2;Sport/Uninassau/Inst. Todos;7;379;1;https://lbf.com.br/noticias/lbf-renova-certificacao-junto-a-secretaria-especial-do-esporte-2/
thayna a mvp da temporada;Sport/Uninassau/Inst. Todos;5;760;4;https://lbf.com.br/noticias/thayna-a-mvp-da-temporada/
jogo das estrelas lbf caixa 2023 a festa vai comecar;Sodiê Mesquita;27;1432;6;https://lbf.com.br/noticias/jogo-das-estrelas-lbf-caixa-2023-a-festa-vai-comecar/
100si araraquara;SESI Araraquara Basquete;68;1126;4;https://lbf.com.br/noticias/100si-araraquara/
triunfo emocionante;Sport/Uninassau/Inst. Todos;16;592;2;https://lbf.com.br/noticias/triunfo-emocionante/
resiliente;SESI Araraquara Basquete;13;650;2;https://lbf.com.br/noticias/resiliente/
novidades em venceslau;Pontz São José Basketball;8;606;3;https://lbf.com.br/noticias/novidades-em-venceslau/
corinthiansamericana trabalha com enfase na parte fisica focando a fase final da liga sul americana de clubes;Sport/Uninassau/Inst. Todos;1;304;1;https://lbf.com.br/noticias/corinthiansamericana-trabalha-com-enfase-na-parte-fisica-focando-a-fase-final-da-liga-sul-americana-de-clubes/
lance livre julio patricio tecnico do basquete jaragua;Sport/Uninassau/Inst. Todos;1;176;1;https://lbf.com.br/noticias/lance-livre-julio-patricio-tecnico-do-basquete-jaragua/
boa sorte meninas;Pontz São José Basketball;4;477;2;https://lbf.com.br/noticias/boa-sorte-meninas/
confira os destaques da primeira rodada do playoff quartas de final da lbf 201415;Sport/Uninassau/Inst. Todos;14;591;3;https://lbf.com.br/noticias/confira-os-destaques-da-primeira-rodada-do-playoff-quartas-de-final-da-lbf-201415/
sampaio basquete fecha com erika;Sampaio Basquete;4;317;4;https://lbf.com.br/noticias/sampaio-basquete-fecha-com-erika/
clubes aprovam novos regimentos internos da lbf;Sport/Uninassau/Inst. Todos;5;285;1;https://lbf.com.br/noticias/clubes-aprovam-novos-regimentos-internos-da-lbf/
uma passadinha pela base 44;Sport/Uninassau/Inst. Todos;3;791;2;https://lbf.com.br/noticias/uma-passadinha-pela-base-44/
duelo direto;Santo André;18;607;3;https://lbf.com.br/noticias/duelo-direto/
ituano basquete realiza testes fisicos no nar;Sport/Uninassau/Inst. Todos;6;512;1;https://lbf.com.br/noticias/ituano-basquete-realiza-testes-fisicos-no-nar/
jogadoras e comissao tecnica do americana participam de carreata em comemoracao ao titulo da lbf 201314;Sport/Uninassau/Inst. Todos;5;225;1;https://lbf.com.br/noticias/jogadoras-e-comissao-tecnica-do-americana-participam-de-carreata-em-comemoracao-ao-titulo-da-lbf-201314/
bradesco e xv jogam nesta quarta pelo campeonato paulista feminino da serie a 2;Sport/Uninassau/Inst. Todos;1;255;1;https://lbf.com.br/noticias/bradesco-e-xv-jogam-nesta-quarta-pelo-campeonato-paulista-feminino-da-serie-a-2/
sesi sp e sao bernardo jogam nesta quarta pelo campeonato paulista feminino da serie a 2;Sport/Uninassau/Inst. Todos;1;298;1;https://lbf.com.br/noticias/sesi-sp-e-sao-bernardo-jogam-nesta-quarta-pelo-campeonato-paulista-feminino-da-serie-a-2/
ab concessoes premia destaques do sesi araraquara em 2021;SESI Araraquara Basquete;6;614;4;https://lbf.com.br/noticias/ab-concessoes-premia-destaques-do-sesi-araraquara-em-2021/
noite do galo;Sport/Uninassau/Inst. Todos;9;551;2;https://lbf.com.br/noticias/noite-do-galo/
tubarao centenario;Sampaio Basquete;13;524;4;https://lbf.com.br/noticias/tubarao-centenario/
sem duvidas o que mais sinto falta e das quadras;Santo André;4;932;4;https://lbf.com.br/noticias/sem-duvidas-o-que-mais-sinto-falta-e-das-quadras/
ex atleta de basquete fabiana caetano segue perto do esporte agora como psicologa;Sport/Uninassau/Inst. Todos;10;707;1;https://lbf.com.br/noticias/ex-atleta-de-basquete-fabiana-caetano-segue-perto-do-esporte-agora-como-psicologa/
de olho em 2023;Sampaio Basquete;4;396;3;https://lbf.com.br/noticias/de-olho-em-2023/
bom teste 2;Sport/Uninassau/Inst. Todos;1;304;1;https://lbf.com.br/noticias/bom-teste-2/
sampaio correa apresenta iziane e oficializa time de basquete feminino para a lbf;Sampaio Basquete;15;647;2;https://lbf.com.br/noticias/sampaio-correa-apresenta-iziane-e-oficializa-time-de-basquete-feminino-para-a-lbf/
xv e sao bernardo jogam nesta quinta pelo paulista feminino da serie a 2;Sport/Uninassau/Inst. Todos;1;347;1;https://lbf.com.br/noticias/xv-e-sao-bernardo-jogam-nesta-quinta-pelo-paulista-feminino-da-serie-a-2/
notas das finais;Sampaio Basquete;28;534;5;https://lbf.com.br/noticias/notas-das-finais/
luiz zanon define selecao brasileira feminina para a disputa do pan americano;Unimed Campinas Basquete;2;470;2;https://lbf.com.br/noticias/luiz-zanon-define-selecao-brasileira-feminina-para-a-disputa-do-pan-americano/
comecaram bem;Nenhum time identificado;0;341;0;https://lbf.com.br/noticias/comecaram-bem/
jogo das estrelas lance contra a fome;Santo André;2;501;5;https://lbf.com.br/noticias/jogo-das-estrelas-lance-contra-a-fome/
novos ventos no recife;Sport/Uninassau/Inst. Todos;17;568;1;https://lbf.com.br/noticias/novos-ventos-no-recife/
basquete de santo andre se rende a lais elena;Santo André;10;826;3;https://lbf.com.br/noticias/basquete-de-santo-andre-se-rende-a-lais-elena/
vera cruz campinas na final;SESI Araraquara Basquete;21;576;5;https://lbf.com.br/noticias/vera-cruz-campinas-na-final/
no tempo extra;Sport/Uninassau/Inst. Todos;2;683;2;https://lbf.com.br/noticias/no-tempo-extra/
presidente venceslau quer fazer analises importantes durante o campeonato paulista;Santo André;2;427;2;https://lbf.com.br/noticias/presidente-venceslau-quer-fazer-analises-importantes-durante-o-campeonato-paulista/
maranhao basquete consegue recuperacao espetacular e derrota o sao jose fora de casa na 10a semana da lbf 201415;Pontz São José Basketball;10;498;3;https://lbf.com.br/noticias/maranhao-basquete-consegue-recuperacao-espetacular-e-derrota-o-sao-jose-fora-de-casa-na-10a-semana-da-lbf-201415/
uma passadinha pela base 53;Pontz São José Basketball;8;257;2;https://lbf.com.br/noticias/uma-passadinha-pela-base-53/
lbf academy recebe mais tres convidados ilustres;Sport/Uninassau/Inst. Todos;3;392;1;https://lbf.com.br/noticias/lbf-academy-recebe-mais-tres-convidados-ilustres/
sport recife anuncia elenco para disputa da liga de basquete feminino lbf 201415;Sport/Uninassau/Inst. Todos;9;425;2;https://lbf.com.br/noticias/sport-recife-anuncia-elenco-para-disputa-da-liga-de-basquete-feminino-lbf-201415/
nota alteracao de data de partida;Santo André;6;94;1;https://lbf.com.br/noticias/nota-alteracao-de-data-de-partida/
brasil vence a venezuela na estreia da copa america sub 16 feminina;Sport/Uninassau/Inst. Todos;1;459;1;https://lbf.com.br/noticias/brasil-vence-a-venezuela-na-estreia-da-copa-america-sub-16-feminina/
selecao brasileira feminina militar derrota os estados unidos e conquista o titulo do torneio internacional da franca;Sport/Uninassau/Inst. Todos;5;420;2;https://lbf.com.br/noticias/selecao-brasileira-feminina-militar-derrota-os-estados-unidos-e-conquista-o-titulo-do-torneio-internacional-da-franca/
confira os destaques da setima e oitava semanas da liga de basquete feminino lbf 201415;Sport/Uninassau/Inst. Todos;14;493;2;https://lbf.com.br/noticias/confira-os-destaques-da-setima-e-oitava-semanas-da-liga-de-basquete-feminino-lbf-201415/
alex montgomery reforco do sao josecolinas shopping acerta arremesso espetacular na wnba;Pontz São José Basketball;4;233;2;https://lbf.com.br/noticias/alex-montgomery-reforco-do-sao-josecolinas-shopping-acerta-arremesso-espetacular-na-wnba/
lbf nas escolas nova temporada;Santo André;6;481;4;https://lbf.com.br/noticias/lbf-nas-escolas-nova-temporada/
bruno guidorizzi deixa o santo andre apaba caoa chery;Santo André;12;375;3;https://lbf.com.br/noticias/bruno-guidorizzi-deixa-o-santo-andre-apaba-caoa-chery/
brasil derrota a coreia do sul e fica com o 13o lugar na universiade 2015;Sport/Uninassau/Inst. Todos;3;314;1;https://lbf.com.br/noticias/brasil-derrota-a-coreia-do-sul-e-fica-com-o-13o-lugar-na-universiade-2015/
uma passadinha pela base 68;Sport/Uninassau/Inst. Todos;3;349;1;https://lbf.com.br/noticias/uma-passadinha-pela-base-68/
datas finais lbf caixa 2019 confira;Unimed Campinas Basquete;18;844;4;https://lbf.com.br/noticias/datas-finais-lbf-caixa-2019-confira/
equipe sub 18 do barretos na expectativa de mais um titulo no brasileiro de basquete 3x3;Pontz São José Basketball;4;432;2;https://lbf.com.br/noticias/equipe-sub-18-do-barretos-na-expectativa-de-mais-um-titulo-no-brasileiro-de-basquete-3x3/
erika lidera a votacao da craque da galera veja parciais;Santo André;8;364;3;https://lbf.com.br/noticias/erika-lidera-a-votacao-da-craque-da-galera-veja-parciais/
uma passadinha pela base 2;Sport/Uninassau/Inst. Todos;5;294;1;https://lbf.com.br/noticias/uma-passadinha-pela-base-2/
unimed campinas tricampeao paulista;Santo André;8;376;2;https://lbf.com.br/noticias/unimed-campinas-tricampeao-paulista/
selecao brasileira sub 16 feminina estreia na copa america nesta quarta feira diante da venezuela;Sport/Uninassau/Inst. Todos;1;463;1;https://lbf.com.br/noticias/selecao-brasileira-sub-16-feminina-estreia-na-copa-america-nesta-quarta-feira-diante-da-venezuela/
duelos dos lideres e o destaque deste sabado na liga de basquete feminino lbf 201415;Sport/Uninassau/Inst. Todos;9;841;2;https://lbf.com.br/noticias/duelos-dos-lideres-e-o-destaque-deste-sabado-na-liga-de-basquete-feminino-lbf-201415/
a volta da guerreira;Pontz São José Basketball;6;575;2;https://lbf.com.br/noticias/a-volta-da-guerreira/
hoje tem 19h30 ad santo andre x sodie mesquita;Santo André;14;443;5;https://lbf.com.br/noticias/hoje-tem-19h30-ad-santo-andre-x-sodie-mesquita/
craque da galera;Sport/Uninassau/Inst. Todos;5;310;2;https://lbf.com.br/noticias/craque-da-galera/
lance livre com yuli cruz do basquete jaragua;Sport/Uninassau/Inst. Todos;1;182;1;https://lbf.com.br/noticias/lance-livre-com-yuli-cruz-do-basquete-jaragua/
tricolor apaixonado;Sampaio Basquete;23;862;4;https://lbf.com.br/noticias/tricolor-apaixonado/
pra comecar com tudo;Sport/Uninassau/Inst. Todos;5;485;4;https://lbf.com.br/noticias/pra-comecar-com-tudo/
paola ferrari acerta transferencia para o basquete espanhol;Sport/Uninassau/Inst. Todos;4;268;1;https://lbf.com.br/noticias/paola-ferrari-acerta-transferencia-para-o-basquete-espanhol/
erika conquista premio brasil olimpico 2019;Sport/Uninassau/Inst. Todos;5;538;1;https://lbf.com.br/noticias/erika-conquista-premio-brasil-olimpico-2019/
so festa;Sport/Uninassau/Inst. Todos;2;301;1;https://lbf.com.br/noticias/so-festa/
palmira marcal chega ao sampaio correa animada e confiante;Sport/Uninassau/Inst. Todos;5;394;4;https://lbf.com.br/noticias/palmira-marcal-chega-ao-sampaio-correa-animada-e-confiante/
bela largada;Sampaio Basquete;1;435;1;https://lbf.com.br/noticias/bela-largada/
top 10 lbf caixa 2018;Unimed Campinas Basquete;10;1756;4;https://lbf.com.br/noticias/top-10-lbf-caixa-2018/
sesi araraquara perde stephany fora da temporada;SESI Araraquara Basquete;10;346;4;https://lbf.com.br/noticias/sesi-araraquara-perde-stephany-fora-da-temporada/
erika e yasmim reforcam o vera cruz campinas;Santo André;6;502;3;https://lbf.com.br/noticias/erika-e-yasmim-reforcam-o-vera-cruz-campinas/
brasil encerra sua participacao no mundial sub 18 de basquete 3x3 na hungria;Sport/Uninassau/Inst. Todos;1;487;1;https://lbf.com.br/noticias/brasil-encerra-sua-participacao-no-mundial-sub-18-de-basquete-3x3-na-hungria/
nota oficial 3;Sport/Uninassau/Inst. Todos;1;169;1;https://lbf.com.br/noticias/nota-oficial-3/
apabunifeb barretos convoca os torcedores para jogo inicial das quartas diante do atual campeao da liga de basquete feminino lbf;Sport/Uninassau/Inst. Todos;1;480;1;https://lbf.com.br/noticias/apabunifeb-barretos-convoca-os-torcedores-para-jogo-inicial-das-quartas-diante-do-atual-campeao-da-liga-de-basquete-feminino-lbf/
semifinal definida;Unimed Campinas Basquete;12;472;5;https://lbf.com.br/noticias/semifinal-definida/
divino se recupera no campeonato paulista feminino da serie a 2 ao derrotar o sesi sp fora de casa;Sport/Uninassau/Inst. Todos;1;297;1;https://lbf.com.br/noticias/divino-se-recupera-no-campeonato-paulista-feminino-da-serie-a-2-ao-derrotar-o-sesi-sp-fora-de-casa/
ituano vence antes da copa lbf;SESI Araraquara Basquete;6;970;4;https://lbf.com.br/noticias/ituano-vence-antes-da-copa-lbf/
olho nela leila;Sport/Uninassau/Inst. Todos;3;960;1;https://lbf.com.br/noticias/olho-nela-leila/
adrianinha moises nao ve hora de estrear na liga de basquete feminino lbf 201415;Sport/Uninassau/Inst. Todos;7;353;2;https://lbf.com.br/noticias/adrianinha-moises-nao-ve-hora-de-estrear-na-liga-de-basquete-feminino-lbf-201415/
flamengo fica com o titulo da temporada 20132014 do nbb;Sport/Uninassau/Inst. Todos;3;607;2;https://lbf.com.br/noticias/flamengo-fica-com-o-titulo-da-temporada-20132014-do-nbb/
nota oficial 6;Santo André;2;370;1;https://lbf.com.br/noticias/nota-oficial-6/
tubarao brioso;Sodiê Mesquita;19;396;5;https://lbf.com.br/noticias/tubarao-brioso/
antonio carlos vendramini revela um dos segredos da adcf unimedamericana;Sport/Uninassau/Inst. Todos;3;499;1;https://lbf.com.br/noticias/antonio-carlos-vendramini-revela-um-dos-segredos-da-adcf-unimedamericana/
selecao brasileira adulta feminina perde jogo treino para o selecionado da franca;Sport/Uninassau/Inst. Todos;4;487;1;https://lbf.com.br/noticias/selecao-brasileira-adulta-feminina-perde-jogo-treino-para-o-selecionado-da-franca/
vote na craque da galera lbf 2021;Sampaio Basquete;2;357;2;https://lbf.com.br/noticias/vote-na-craque-da-galera-lbf-2021/
brasil nas olimpiadas atenas 2004;Nenhum time identificado;0;876;0;https://lbf.com.br/noticias/brasil-nas-olimpiadas-atenas-2004/
conexoes gol;Santo André;16;762;5;https://lbf.com.br/noticias/conexoes-gol/
trinca blumenauense;Sport/Uninassau/Inst. Todos;12;709;3;https://lbf.com.br/noticias/trinca-blumenauense/
hegemonia quebrada em sc;Pontz São José Basketball;8;496;3;https://lbf.com.br/noticias/hegemonia-quebrada-em-sc/
brasil perde de porto rico na estreia da copa americapre mundial sub 18 feminina;Sport/Uninassau/Inst. Todos;2;448;1;https://lbf.com.br/noticias/brasil-perde-de-porto-rico-na-estreia-da-copa-americapre-mundial-sub-18-feminina/
zanon convoca selecao brasileira adulta feminina para o campeonato mundial da turquia;Pontz São José Basketball;14;661;3;https://lbf.com.br/noticias/zanon-convoca-selecao-brasileira-adulta-feminina-para-o-campeonato-mundial-da-turquia/
selecao brasileira feminina derrota a lituania e conquista a segunda vitoria no campeonato mundial militar;Sport/Uninassau/Inst. Todos;1;299;1;https://lbf.com.br/noticias/selecao-brasileira-feminina-derrota-a-lituania-e-conquista-a-segunda-vitoria-no-campeonato-mundial-militar/
finais lbf 2022 datas horarios e transmissoes;Sampaio Basquete;12;793;5;https://lbf.com.br/noticias/finais-lbf-2022-datas-horarios-e-transmissoes/
e do corinthians;Sport/Uninassau/Inst. Todos;13;992;2;https://lbf.com.br/noticias/e-do-corinthians/
incontestavel 2;Sampaio Basquete;17;439;2;https://lbf.com.br/noticias/incontestavel-2/
experiente cubana yuli cruz dara um toque importante de experiencia ao basquete jaragua na temporada de estreia na lbf;Sport/Uninassau/Inst. Todos;3;483;1;https://lbf.com.br/noticias/experiente-cubana-yuli-cruz-dara-um-toque-importante-de-experiencia-ao-basquete-jaragua-na-temporada-de-estreia-na-lbf/
joao camargo se apresenta a selecao sub 17;Santo André;6;623;2;https://lbf.com.br/noticias/joao-camargo-se-apresenta-a-selecao-sub-17/
uma passadinha pela base 51;Sport/Uninassau/Inst. Todos;3;662;4;https://lbf.com.br/noticias/uma-passadinha-pela-base-51/
duelo de titas 2;Sport/Uninassau/Inst. Todos;7;748;3;https://lbf.com.br/noticias/duelo-de-titas-2/
basquete jaragua inova na preparacao fisica para a liga de basquete feminino lbf 201415;Sport/Uninassau/Inst. Todos;2;585;1;https://lbf.com.br/noticias/basquete-jaragua-inova-na-preparacao-fisica-para-a-liga-de-basquete-feminino-lbf-201415/
selecao brasileira militar e superada pelos estados unidos na abertura do torneio internacional;Sport/Uninassau/Inst. Todos;5;246;1;https://lbf.com.br/noticias/selecao-brasileira-militar-e-superada-pelos-estados-unidos-na-abertura-do-torneio-internacional/
ponte entre atletas e lbf;Pontz São José Basketball;3;468;4;https://lbf.com.br/noticias/ponte-entre-atletas-e-lbf/
sport recife joga a fase inicial da liga sul americana de clubes na venezuela;Sport/Uninassau/Inst. Todos;5;392;1;https://lbf.com.br/noticias/sport-recife-joga-a-fase-inicial-da-liga-sul-americana-de-clubes-na-venezuela/
internacional supera a recra e vence a primeira no campeonato paulista feminino da serie a 2;Sport/Uninassau/Inst. Todos;1;293;1;https://lbf.com.br/noticias/internacional-supera-a-recra-e-vence-a-primeira-no-campeonato-paulista-feminino-da-serie-a-2/
capitulo dois;Sport/Uninassau/Inst. Todos;15;772;2;https://lbf.com.br/noticias/capitulo-dois/
ituano basquete traz mais uma novidade para o garrafao;Pontz São José Basketball;4;587;6;https://lbf.com.br/noticias/ituano-basquete-traz-mais-uma-novidade-para-o-garrafao/
arbitra andreia regina da silva estara na liga sul americana de clubes;Sport/Uninassau/Inst. Todos;1;274;1;https://lbf.com.br/noticias/arbitra-andreia-regina-da-silva-estara-na-liga-sul-americana-de-clubes/
kelly santos registra double double e la estancia supera o sport recife na rodada inicial do sul americano de clubes;Sport/Uninassau/Inst. Todos;6;480;1;https://lbf.com.br/noticias/kelly-santos-registra-double-double-e-la-estancia-supera-o-sport-recife-na-rodada-inicial-do-sul-americano-de-clubes/
duelo eletrizante ses blu;SESI Araraquara Basquete;14;521;4;https://lbf.com.br/noticias/duelo-eletrizante-ses-blu/
luiz zanon completa dois anos no comando do selecionado nacional feminino;Sport/Uninassau/Inst. Todos;1;608;1;https://lbf.com.br/noticias/luiz-zanon-completa-dois-anos-no-comando-do-selecionado-nacional-feminino/
duas semanas apos titulo de sc blumenau conquista jogos abertos;Pontz São José Basketball;2;217;1;https://lbf.com.br/noticias/duas-semanas-apos-titulo-de-sc-blumenau-conquista-jogos-abertos/
quinteto da semana 06 lbf 1516;Sampaio Basquete;5;579;3;https://lbf.com.br/noticias/quinteto-da-semana-06-lbf-1516/
lbf caixa 2024 inscricoes abertas;SESI Araraquara Basquete;6;619;8;https://lbf.com.br/noticias/lbf-caixa-2024-inscricoes-abertas/
sampaio na final;Santo André;14;767;4;https://lbf.com.br/noticias/sampaio-na-final/
tudo novo;Santo André;22;416;1;https://lbf.com.br/noticias/tudo-novo/
funvicituano anuncia ala lais tobias;Sport/Uninassau/Inst. Todos;6;276;1;https://lbf.com.br/noticias/funvicituano-anuncia-ala-lais-tobias/
de atleta a presidente;Sport/Uninassau/Inst. Todos;3;487;1;https://lbf.com.br/noticias/de-atleta-a-presidente/
selecao brasileira feminina se apresenta domingo em sao sebastiao do paraiso;Sport/Uninassau/Inst. Todos;1;366;1;https://lbf.com.br/noticias/selecao-brasileira-feminina-se-apresenta-domingo-em-sao-sebastiao-do-paraiso/
mais uma vitoria;Unimed Campinas Basquete;13;481;3;https://lbf.com.br/noticias/mais-uma-vitoria/
clinica de arbitragem da fpb foi realizada neste domingo em sao paulo;Sport/Uninassau/Inst. Todos;1;268;1;https://lbf.com.br/noticias/clinica-de-arbitragem-da-fpb-foi-realizada-neste-domingo-em-sao-paulo/
dominante 2;Sport/Uninassau/Inst. Todos;4;554;2;https://lbf.com.br/noticias/dominante-2/
entrevista com alessandra oliveira campea mundial em 1994;Sport/Uninassau/Inst. Todos;6;632;2;https://lbf.com.br/noticias/entrevista-com-alessandra-oliveira-campea-mundial-em-1994/
parceria forte;SESI Araraquara Basquete;6;358;9;https://lbf.com.br/noticias/parceria-forte/
final ai vou eu;Sampaio Basquete;22;784;3;https://lbf.com.br/noticias/final-ai-vou-eu/
uma passadinha pela base 9;Sport/Uninassau/Inst. Todos;4;437;1;https://lbf.com.br/noticias/uma-passadinha-pela-base-9/
solta o grito;Sampaio Basquete;34;991;2;https://lbf.com.br/noticias/solta-o-grito/
ute e deportivo berazategui vencem na segunda rodada da liga sul americana feminina 2015;Sport/Uninassau/Inst. Todos;1;403;1;https://lbf.com.br/noticias/ute-e-deportivo-berazategui-vencem-na-segunda-rodada-da-liga-sul-americana-feminina-2015/
hoje tem 19h30 unisociesc blumenau x sodie mesquita;Sodiê Mesquita;18;454;4;https://lbf.com.br/noticias/hoje-tem-19h30-unisociesc-blumenau-x-sodie-mesquita/
luiz zanon convoca selecao brasileira feminina para o pre olimpico do canada;Sport/Uninassau/Inst. Todos;7;1086;4;https://lbf.com.br/noticias/luiz-zanon-convoca-selecao-brasileira-feminina-para-o-pre-olimpico-do-canada/
lbf lanca projeto social em parceria com a associacao pro basquete;SESI Araraquara Basquete;10;393;2;https://lbf.com.br/noticias/lbf-lanca-projeto-social-em-parceria-com-a-associacao-pro-basquete/
lider isolada;Nenhum time identificado;0;280;0;https://lbf.com.br/noticias/lider-isolada/
uninassauamerica apresentacao do time e despedida de vanessa gattei no estilo wnba;Sport/Uninassau/Inst. Todos;5;335;1;https://lbf.com.br/noticias/uninassauamerica-apresentacao-do-time-e-despedida-de-vanessa-gattei-no-estilo-wnba/
tudo certo;Nenhum time identificado;0;444;0;https://lbf.com.br/noticias/tudo-certo/
guia rapido lbf caixa 2025;Santo André;8;1101;9;https://lbf.com.br/noticias/guia-rapido-lbf-caixa-2025/
com time completo presidente venceslau e apresentado para 2018;Sport/Uninassau/Inst. Todos;3;318;1;https://lbf.com.br/noticias/com-time-completo-presidente-venceslau-e-apresentado-para-2018/
estreia incontestavel;Sampaio Basquete;12;600;3;https://lbf.com.br/noticias/estreia-incontestavel/
ginasio mirzinho daniel em santa barbara doeste e reinaugurado com presenca de estrelas do basquete feminino;Sport/Uninassau/Inst. Todos;7;562;1;https://lbf.com.br/noticias/ginasio-mirzinho-daniel-em-santa-barbara-doeste-e-reinaugurado-com-presenca-de-estrelas-do-basquete-feminino/
dois jogos dao sequencia a oitava semana da lbf 201415 nesta segunda;Santo André;10;490;2;https://lbf.com.br/noticias/dois-jogos-dao-sequencia-a-oitava-semana-da-lbf-201415-nesta-segunda/
brasiliavizinhanca chega fortalecido para sua segunda participacao na liga de basquete feminino lbf;Pontz São José Basketball;2;528;2;https://lbf.com.br/noticias/brasiliavizinhanca-chega-fortalecido-para-sua-segunda-participacao-na-liga-de-basquete-feminino-lbf/
disputa por colocacao;ADRM Maringá;2;544;3;https://lbf.com.br/noticias/disputa-por-colocacao/
brasiliabasquetevizi disputara o campeonato brasiliense adulto feminino;Sport/Uninassau/Inst. Todos;1;290;1;https://lbf.com.br/noticias/brasiliabasquetevizi-disputara-o-campeonato-brasiliense-adulto-feminino/
sampaio fecha primeira fase com vitoria;Sport/Uninassau/Inst. Todos;13;496;2;https://lbf.com.br/noticias/sampaio-fecha-primeira-fase-com-vitoria/
perto dos 3 mil pontos na wnba erika de souza lanca campanha nas redes sociais;Sport/Uninassau/Inst. Todos;1;430;1;https://lbf.com.br/noticias/perto-dos-3-mil-pontos-na-wnba-erika-de-souza-lanca-campanha-nas-redes-sociais/
jogo das estrelas em fotos;Nenhum time identificado;0;234;0;https://lbf.com.br/noticias/jogo-das-estrelas-em-fotos/
com destaque de caicedo;Sodiê Mesquita;11;476;5;https://lbf.com.br/noticias/com-destaque-de-caicedo/
tubarao indigesto;Sampaio Basquete;12;664;2;https://lbf.com.br/noticias/tubarao-indigesto/
ituano basquete recebe premios de erika na temporada;Sport/Uninassau/Inst. Todos;4;481;4;https://lbf.com.br/noticias/ituano-basquete-recebe-premios-de-erika-na-temporada/
deu sampaio;Sampaio Basquete;9;391;2;https://lbf.com.br/noticias/deu-sampaio/
lider do ranking nacional do basquete 3x3 cristal rocha realiza palestras e clinica no acre;Sport/Uninassau/Inst. Todos;3;465;1;https://lbf.com.br/noticias/lider-do-ranking-nacional-do-basquete-3x3-cristal-rocha-realiza-palestras-e-clinica-no-acre/
ex jogadora claudia pastor lanca campanha nas redes sociais para cirurgia do filho maurilio na franca;Sport/Uninassau/Inst. Todos;4;773;2;https://lbf.com.br/noticias/ex-jogadora-claudia-pastor-lanca-campanha-nas-redes-sociais-para-cirurgia-do-filho-maurilio-na-franca/
nomes conhecidos;Sport/Uninassau/Inst. Todos;2;416;1;https://lbf.com.br/noticias/nomes-conhecidos/
jaraguaenses comemoram a participacao no jogo das estrelas;Sport/Uninassau/Inst. Todos;2;540;1;https://lbf.com.br/noticias/jaraguaenses-comemoram-a-participacao-no-jogo-das-estrelas/
incontestavel;Sampaio Basquete;15;360;1;https://lbf.com.br/noticias/incontestavel/
uma passadinha pela base 64;Sport/Uninassau/Inst. Todos;1;376;1;https://lbf.com.br/noticias/uma-passadinha-pela-base-64/
cbb lanca censo para conhecer fas de basquete;Sport/Uninassau/Inst. Todos;3;468;1;https://lbf.com.br/noticias/cbb-lanca-censo-para-conhecer-fas-de-basquete/
mangueira 1 conquista titulo do cbb 3x3 nacional sub 18 feminino;Sport/Uninassau/Inst. Todos;1;449;1;https://lbf.com.br/noticias/mangueira-1-conquista-titulo-do-cbb-3x3-nacional-sub-18-feminino/
santo andre apaba traz maria carolina;Sampaio Basquete;4;268;3;https://lbf.com.br/noticias/santo-andre-apaba-traz-maria-carolina/
tecnicos doam sangue para incentivar a campanha da liga de basquete feminino lbf;Sport/Uninassau/Inst. Todos;4;380;1;https://lbf.com.br/noticias/tecnicos-doam-sangue-para-incentivar-a-campanha-da-liga-de-basquete-feminino-lbf/
com base jovem barretos inicia os treinamentos para a temporada 201516;Sport/Uninassau/Inst. Todos;1;294;1;https://lbf.com.br/noticias/com-base-jovem-barretos-inicia-os-treinamentos-para-a-temporada-201516/
time formado por adrianinha chui e helinho vence o super desafio bra de arremessos;Sport/Uninassau/Inst. Todos;3;620;2;https://lbf.com.br/noticias/time-formado-por-adrianinha-chui-e-helinho-vence-o-super-desafio-bra-de-arremessos/
ampla vantagem;Cerrado BRB;8;551;5;https://lbf.com.br/noticias/ampla-vantagem/
sete equipes disputam o campeonato paulista feminino da serie a 2 que comeca no dia 22 de abril;Sport/Uninassau/Inst. Todos;1;265;1;https://lbf.com.br/noticias/sete-equipes-disputam-o-campeonato-paulista-feminino-da-serie-a-2-que-comeca-no-dia-22-de-abril/
fds recheado;Santo André;6;800;4;https://lbf.com.br/noticias/fds-recheado/
recheado de estrelas;Santo André;4;643;4;https://lbf.com.br/noticias/recheado-de-estrelas/
nos playoffs;Santo André;22;513;3;https://lbf.com.br/noticias/nos-playoffs/
ponta firme;Unimed Campinas Basquete;9;497;2;https://lbf.com.br/noticias/ponta-firme/
sexta semana da lbf 201415 comeca nesta segunda com quatro partidas;Pontz São José Basketball;14;935;3;https://lbf.com.br/noticias/sexta-semana-da-lbf-201415-comeca-nesta-segunda-com-quatro-partidas/
nota eleicao comissao de atletas lbf;Nenhum time identificado;0;154;0;https://lbf.com.br/noticias/nota-eleicao-comissao-de-atletas-lbf/
nbb marketing metting cria um novo conceito de evento esportivo;Sport/Uninassau/Inst. Todos;5;1022;1;https://lbf.com.br/noticias/nbb-marketing-metting-cria-um-novo-conceito-de-evento-esportivo/
corinthians x santo andre;Santo André;2;39;1;https://lbf.com.br/noticias/corinthians-x-santo-andre/
roberto dornelas sera o tecnico da selecao brasileira feminina universitaria na universiade 2015;Sport/Uninassau/Inst. Todos;4;247;1;https://lbf.com.br/noticias/roberto-dornelas-sera-o-tecnico-da-selecao-brasileira-feminina-universitaria-na-universiade-2015/
sampaio vence funvicituano no primeiro duelo do dia;Sampaio Basquete;9;519;3;https://lbf.com.br/noticias/sampaio-vence-funvicituano-no-primeiro-duelo-do-dia/
erika de souza concorre a uma vaga no quinteto titular no all star game da wnba torcedor brasileiro pode ajudar;Sport/Uninassau/Inst. Todos;4;237;1;https://lbf.com.br/noticias/erika-de-souza-concorre-a-uma-vaga-no-quinteto-titular-no-all-star-game-da-wnba-torcedor-brasileiro-pode-ajudar/
vitoria com super marca;Pontz São José Basketball;13;343;5;https://lbf.com.br/noticias/vitoria-com-super-marca/
molina visita anjos esporte;Sport/Uninassau/Inst. Todos;8;325;1;https://lbf.com.br/noticias/molina-visita-anjos-esporte/
briann january e kelly santos do maranhao basquete figuram entre os destaques da lbf 201314;Sport/Uninassau/Inst. Todos;4;374;1;https://lbf.com.br/noticias/briann-january-e-kelly-santos-do-maranhao-basquete-figuram-entre-os-destaques-da-lbf-201314/
selecao da semana lbf caixa 25 a 284;Sport/Uninassau/Inst. Todos;4;501;3;https://lbf.com.br/noticias/selecao-da-semana-lbf-caixa-25-a-284/
classico entre americana e sao jose pela lbf 201415 tera acao de prevencao ao cancer de mama;Pontz São José Basketball;8;615;2;https://lbf.com.br/noticias/classico-entre-americana-e-sao-jose-pela-lbf-201415-tera-acao-de-prevencao-ao-cancer-de-mama/
lbf se reune em brasilia com ministra do esporte;Sport/Uninassau/Inst. Todos;12;464;1;https://lbf.com.br/noticias/lbf-se-reune-em-brasilia-com-ministra-do-esporte/
um ano pra la de atipico1;Sport/Uninassau/Inst. Todos;3;809;3;https://lbf.com.br/noticias/um-ano-pra-la-de-atipico1/
adriana santos ressalta semana intensa e gratificante;Sport/Uninassau/Inst. Todos;3;343;1;https://lbf.com.br/noticias/adriana-santos-ressalta-semana-intensa-e-gratificante/
patty algoz oficial;Unimed Campinas Basquete;7;670;2;https://lbf.com.br/noticias/patty-algoz-oficial/
lbf academy trouxe novos temas para atletas e comissoes;Sport/Uninassau/Inst. Todos;7;521;3;https://lbf.com.br/noticias/lbf-academy-trouxe-novos-temas-para-atletas-e-comissoes/
vitoria categorica;Unimed Campinas Basquete;7;759;2;https://lbf.com.br/noticias/vitoria-categorica/
playoffs definidos;Sampaio Basquete;7;805;5;https://lbf.com.br/noticias/playoffs-definidos/
sao bernardo derrota venceslau em jogo acirrado catanduva perde na prorrogacao;Pontz São José Basketball;8;480;2;https://lbf.com.br/noticias/sao-bernardo-derrota-venceslau-em-jogo-acirrado-catanduva-perde-na-prorrogacao/
uma passadinha pela base 4;Pontz São José Basketball;6;387;2;https://lbf.com.br/noticias/uma-passadinha-pela-base-4/
quatro vezes americana;Sport/Uninassau/Inst. Todos;1;634;1;https://lbf.com.br/noticias/quatro-vezes-americana/
pontape inicial;Santo André;8;482;3;https://lbf.com.br/noticias/pontape-inicial/
nota oficial;Sport/Uninassau/Inst. Todos;3;314;1;https://lbf.com.br/noticias/nota-oficial/
bolivia na ponta;Sampaio Basquete;13;499;5;https://lbf.com.br/noticias/bolivia-na-ponta/
alteracao de horario 3;Pontz São José Basketball;4;165;3;https://lbf.com.br/noticias/alteracao-de-horario-3/
sodie doceslsb rj anuncia primeiro reforco da temporada;SESI Araraquara Basquete;4;338;2;https://lbf.com.br/noticias/sodie-doceslsb-rj-anuncia-primeiro-reforco-da-temporada/
tubarao na dianteira;Sampaio Basquete;9;733;3;https://lbf.com.br/noticias/tubarao-na-dianteira/
credenciamento de imprensa jogo 4 finais lbf caixa;SESI Araraquara Basquete;6;355;3;https://lbf.com.br/noticias/credenciamento-de-imprensa-jogo-4-finais-lbf-caixa/
a nossa festa esta de volta jde;Sport/Uninassau/Inst. Todos;3;404;2;https://lbf.com.br/noticias/a-nossa-festa-esta-de-volta-jde/
nota de falecimento 5;Pontz São José Basketball;2;89;1;https://lbf.com.br/noticias/nota-de-falecimento-5/
presidente venceslau se reapresenta com novidade;Sport/Uninassau/Inst. Todos;1;361;1;https://lbf.com.br/noticias/presidente-venceslau-se-reapresenta-com-novidade/
selecao brasileira militar estreia nesta segunda no torneio internacional de meyenheim;Sport/Uninassau/Inst. Todos;5;266;2;https://lbf.com.br/noticias/selecao-brasileira-militar-estreia-nesta-segunda-no-torneio-internacional-de-meyenheim/
palmira marcal e primeiro reforco da unimedamericana;Sport/Uninassau/Inst. Todos;3;301;1;https://lbf.com.br/noticias/palmira-marcal-e-primeiro-reforco-da-unimedamericana/
hoje tem 18h unimed campinas x sampaio basquete;Unimed Campinas Basquete;14;405;4;https://lbf.com.br/noticias/hoje-tem-18h-unimed-campinas-x-sampaio-basquete/
inter e sao bernardo jogam nesta quarta pelo returno do paulista feminino da serie a 2;Sport/Uninassau/Inst. Todos;1;290;1;https://lbf.com.br/noticias/inter-e-sao-bernardo-jogam-nesta-quarta-pelo-returno-do-paulista-feminino-da-serie-a-2/
valendo de novo;Sport/Uninassau/Inst. Todos;8;687;3;https://lbf.com.br/noticias/valendo-de-novo/
dois jogos nesta quarta completam a sexta semana e o turno da fase inicial da lbf 201415;Pontz São José Basketball;12;651;3;https://lbf.com.br/noticias/dois-jogos-nesta-quarta-completam-a-sexta-semana-e-o-turno-da-fase-inicial-da-lbf-201415/
duelo jovem;Sampaio Basquete;10;842;5;https://lbf.com.br/noticias/duelo-jovem/
america pe e sao jose vencem com emocao no complemento da primeira rodada das quartas da lbf 201415;Pontz São José Basketball;8;692;3;https://lbf.com.br/noticias/america-pe-e-sao-jose-vencem-com-emocao-no-complemento-da-primeira-rodada-das-quartas-da-lbf-201415/
sampaio basquete lidera;SESI Araraquara Basquete;12;448;3;https://lbf.com.br/noticias/sampaio-basquete-lidera/
vem lbf caixa;Santo André;6;565;3;https://lbf.com.br/noticias/vem-lbf-caixa/
kto blumenau da o troco;Sodiê Mesquita;8;548;3;https://lbf.com.br/noticias/kto-blumenau-da-o-troco/
com a palavra o entraineur;Sampaio Basquete;6;690;1;https://lbf.com.br/noticias/com-a-palavra-o-entraineur/
brasil cai de producao no ultimo quarto e perde para o canada nas oitavas de final do mundial sub 17;Sport/Uninassau/Inst. Todos;3;414;1;https://lbf.com.br/noticias/brasil-cai-de-producao-no-ultimo-quarto-e-perde-para-o-canada-nas-oitavas-de-final-do-mundial-sub-17/
maranhao basquete se reabilita na lbf 201415 derrotando o brasilia fora de casa;Santo André;4;465;2;https://lbf.com.br/noticias/maranhao-basquete-se-reabilita-na-lbf-201415-derrotando-o-brasilia-fora-de-casa/
integridade primeiro;Sport/Uninassau/Inst. Todos;10;402;1;https://lbf.com.br/noticias/integridade-primeiro/
com adrianinha moises selecao brasileira adulta feminina disputa torneios amistosos na europa;Sport/Uninassau/Inst. Todos;3;458;1;https://lbf.com.br/noticias/com-adrianinha-moises-selecao-brasileira-adulta-feminina-disputa-torneios-amistosos-na-europa/
rodada favoravel as jogadoras brasileiras na wnba;Sport/Uninassau/Inst. Todos;1;630;1;https://lbf.com.br/noticias/rodada-favoravel-as-jogadoras-brasileiras-na-wnba/
lance livre com iziane castro do maranhao basquete;Sport/Uninassau/Inst. Todos;1;180;1;https://lbf.com.br/noticias/lance-livre-com-iziane-castro-do-maranhao-basquete/
1 500 ingressos ja foram trocados para o jogo 3 das finais;Sampaio Basquete;9;364;3;https://lbf.com.br/noticias/1-500-ingressos-ja-foram-trocados-para-o-jogo-3-das-finais/
fabao retorna e sassa esta proxima de voltar aos treinos na ad santo andre;Santo André;8;323;2;https://lbf.com.br/noticias/fabao-retorna-e-sassa-esta-proxima-de-voltar-aos-treinos-na-ad-santo-andre/
clarissa dos santos mvp do campeonato sul americano adulto feminino;Sport/Uninassau/Inst. Todos;2;1159;1;https://lbf.com.br/noticias/clarissa-dos-santos-mvp-do-campeonato-sul-americano-adulto-feminino/
2018 mais que positivo;Sport/Uninassau/Inst. Todos;4;729;4;https://lbf.com.br/noticias/2018-mais-que-positivo/
sampaio basquete inicia viagem com vitoria;Unimed Campinas Basquete;114;940;4;https://lbf.com.br/noticias/sampaio-basquete-inicia-viagem-com-vitoria/
com reforcos blumenau inicia treinamentos para lbf;Sport/Uninassau/Inst. Todos;2;310;1;https://lbf.com.br/noticias/com-reforcos-blumenau-inicia-treinamentos-para-lbf/
apabbarretos e superada pelo xv na primeira partida da semifinal do paulista da serie a 2;Sport/Uninassau/Inst. Todos;1;583;1;https://lbf.com.br/noticias/apabbarretos-e-superada-pelo-xv-na-primeira-partida-da-semifinal-do-paulista-da-serie-a-2/
uninassauamerica tem primeiro contato com local que ira receber jogos da liga de basquete feminino;Sport/Uninassau/Inst. Todos;7;361;1;https://lbf.com.br/noticias/uninassauamerica-tem-primeiro-contato-com-local-que-ira-receber-jogos-da-liga-de-basquete-feminino/
sampaio basquete adiciona gil;Sampaio Basquete;11;428;2;https://lbf.com.br/noticias/sampaio-basquete-adiciona-gil/
tudo_igual 2;Santo André;32;591;2;https://lbf.com.br/noticias/tudo_igual-2/
a palavra dos professores;Sport/Uninassau/Inst. Todos;13;561;4;https://lbf.com.br/noticias/a-palavra-dos-professores/
sport recife estreia na liga sul americana feminina de clubes com importante vitoria;Sport/Uninassau/Inst. Todos;6;560;1;https://lbf.com.br/noticias/sport-recife-estreia-na-liga-sul-americana-feminina-de-clubes-com-importante-vitoria/
gincana ironage movimentou torcedores no intervalo do primeiro jogo final da lbf 201314;Sport/Uninassau/Inst. Todos;8;426;1;https://lbf.com.br/noticias/gincana-ironage-movimentou-torcedores-no-intervalo-do-primeiro-jogo-final-da-lbf-201314/
avanassaulador;Sport/Uninassau/Inst. Todos;6;654;5;https://lbf.com.br/noticias/avanassaulador/
selecao das semifinais lbf caixa 2019;Santo André;6;583;4;https://lbf.com.br/noticias/selecao-das-semifinais-lbf-caixa-2019/
novidade no rio;Sampaio Basquete;4;450;3;https://lbf.com.br/noticias/novidade-no-rio/
32047;SESI Araraquara Basquete;4;136;4;https://lbf.com.br/noticias/32047/
de ponta a ponta 4;Sampaio Basquete;7;373;2;https://lbf.com.br/noticias/de-ponta-a-ponta-4/
ninguem se cala;Sport/Uninassau/Inst. Todos;1;380;1;https://lbf.com.br/noticias/ninguem-se-cala/
vitoria com intensidade;SESI Araraquara Basquete;16;780;4;https://lbf.com.br/noticias/vitoria-com-intensidade/
joao camargo e o melhor treinador da lbf 2021;Sport/Uninassau/Inst. Todos;4;439;3;https://lbf.com.br/noticias/joao-camargo-e-o-melhor-treinador-da-lbf-2021/
galo mais proximo da gloria;Sport/Uninassau/Inst. Todos;2;879;1;https://lbf.com.br/noticias/galo-mais-proximo-da-gloria/
talento tambem na pasassarela;Santo André;8;431;2;https://lbf.com.br/noticias/talento-tambem-na-pasassarela/
vice campea da lbf 201415 erika de souza acerta com time turco para a proxima temporada;Sport/Uninassau/Inst. Todos;7;488;1;https://lbf.com.br/noticias/vice-campea-da-lbf-201415-erika-de-souza-acerta-com-time-turco-para-a-proxima-temporada/
erika de souza e a cestinha da rodada da wnba;Sport/Uninassau/Inst. Todos;4;362;1;https://lbf.com.br/noticias/erika-de-souza-e-a-cestinha-da-rodada-da-wnba/
consistente;Santo André;22;666;2;https://lbf.com.br/noticias/consistente/
vem lbf caixa 2018;Sport/Uninassau/Inst. Todos;9;922;3;https://lbf.com.br/noticias/vem-lbf-caixa-2018/
ritmo acelerado;Sodiê Mesquita;15;353;3;https://lbf.com.br/noticias/ritmo-acelerado/
sequencia ampliada 2;Santo André;12;441;1;https://lbf.com.br/noticias/sequencia-ampliada-2/
presidente venceslau recebe o brasilia no retorno da lbf 201415;Sport/Uninassau/Inst. Todos;2;344;1;https://lbf.com.br/noticias/presidente-venceslau-recebe-o-brasilia-no-retorno-da-lbf-201415/
santo andre na fe;Santo André;26;712;5;https://lbf.com.br/noticias/santo-andre-na-fe/
minnesota lynx de damiris do amaral na final da conferencia oeste da wnba;Sport/Uninassau/Inst. Todos;2;496;1;https://lbf.com.br/noticias/minnesota-lynx-de-damiris-do-amaral-na-final-da-conferencia-oeste-da-wnba/
chegou a hora 5;Sampaio Basquete;2;550;2;https://lbf.com.br/noticias/chegou-a-hora-5/
erika de souza e nadia colhado que defendem o america pe na liga de basquete feminino lbf 201415 renovam com o atlanta dream da wnba;Sport/Uninassau/Inst. Todos;4;348;1;https://lbf.com.br/noticias/erika-de-souza-e-nadia-colhado-que-defendem-o-america-pe-na-liga-de-basquete-feminino-lbf-201415-renovam-com-o-atlanta-dream-da-wnba/
visita valiosa;Nenhum time identificado;0;346;0;https://lbf.com.br/noticias/visita-valiosa/
gil e o primeiro reforco do sampaio basquete para 2021;Sampaio Basquete;3;203;3;https://lbf.com.br/noticias/gil-e-o-primeiro-reforco-do-sampaio-basquete-para-2021/
alteracao de horario 4;Sport/Uninassau/Inst. Todos;4;152;1;https://lbf.com.br/noticias/alteracao-de-horario-4/
passeou;Nenhum time identificado;0;369;0;https://lbf.com.br/noticias/passeou/
para dar moral;Santo André;24;403;2;https://lbf.com.br/noticias/para-dar-moral/
kelly lenda do basquete nacional;Sport/Uninassau/Inst. Todos;3;291;2;https://lbf.com.br/noticias/kelly-lenda-do-basquete-nacional/
adcf unimedamericana e superada pelo loenes na abertura do grupo b na liga sul americana de clubes;Sport/Uninassau/Inst. Todos;4;564;1;https://lbf.com.br/noticias/adcf-unimedamericana-e-superada-pelo-loenes-na-abertura-do-grupo-b-na-liga-sul-americana-de-clubes/
recra e xv na decisao do paulista feminino da serie a 2;Sport/Uninassau/Inst. Todos;1;275;1;https://lbf.com.br/noticias/recra-e-xv-na-decisao-do-paulista-feminino-da-serie-a-2/
mantendo base campea blumenau e apresentado para 2018;Sport/Uninassau/Inst. Todos;3;308;1;https://lbf.com.br/noticias/mantendo-base-campea-blumenau-e-apresentado-para-2018/
sao josecolinas shopping supera o presidente venceslau em jogo acirrado e chega a primeira vitoria na lbf 201415;Pontz São José Basketball;12;635;2;https://lbf.com.br/noticias/sao-josecolinas-shopping-supera-o-presidente-venceslau-em-jogo-acirrado-e-chega-a-primeira-vitoria-na-lbf-201415/
virada a bolivia;Sampaio Basquete;11;539;4;https://lbf.com.br/noticias/virada-a-bolivia/
bolivia invicta;Sampaio Basquete;11;586;2;https://lbf.com.br/noticias/bolivia-invicta/
inscricoes abertas para o programa bolsa atleta de 2015;Sport/Uninassau/Inst. Todos;4;418;2;https://lbf.com.br/noticias/inscricoes-abertas-para-o-programa-bolsa-atleta-de-2015/
presencas vip no jogo das estrelas lbf 2022;Sport/Uninassau/Inst. Todos;6;571;1;https://lbf.com.br/noticias/presencas-vip-no-jogo-das-estrelas-lbf-2022/
e hora de decisao;Pontz São José Basketball;16;482;2;https://lbf.com.br/noticias/e-hora-de-decisao/
lance livre com antonio carlos vendramini tecnico do corinthiansamericana;Sport/Uninassau/Inst. Todos;2;129;1;https://lbf.com.br/noticias/lance-livre-com-antonio-carlos-vendramini-tecnico-do-corinthiansamericana/
cacula basquete jaragua viaja para a estreia na liga de basquete feminino lbf 201415;Sport/Uninassau/Inst. Todos;3;548;1;https://lbf.com.br/noticias/cacula-basquete-jaragua-viaja-para-a-estreia-na-liga-de-basquete-feminino-lbf-201415/
vitoria na bagagem;Santo André;18;622;5;https://lbf.com.br/noticias/vitoria-na-bagagem/
santo andre da um grande recado;Santo André;16;660;4;https://lbf.com.br/noticias/santo-andre-da-um-grande-recado/
bem vinda caixa;Sport/Uninassau/Inst. Todos;5;585;2;https://lbf.com.br/noticias/bem-vinda-caixa/
micaela jacintho sofre contusao no joelho e passara por cirurgia;Sport/Uninassau/Inst. Todos;2;231;1;https://lbf.com.br/noticias/micaela-jacintho-sofre-contusao-no-joelho-e-passara-por-cirurgia/
1o confronto nordestino;Sampaio Basquete;14;449;3;https://lbf.com.br/noticias/1o-confronto-nordestino/
vera cruz campinas e sampaio treinam no feriadao;Sampaio Basquete;18;422;3;https://lbf.com.br/noticias/vera-cruz-campinas-e-sampaio-treinam-no-feriadao/
chicago de clarissa dos santos e superado pelo washington jogando fora de casa pela wnba;Sport/Uninassau/Inst. Todos;1;350;1;https://lbf.com.br/noticias/chicago-de-clarissa-dos-santos-e-superado-pelo-washington-jogando-fora-de-casa-pela-wnba/
de casanova;Sport/Uninassau/Inst. Todos;2;608;1;https://lbf.com.br/noticias/de-casanova/
karla costa se alegra com experiencia de acompanhar de perto o brasileiro sub 15 em curitiba;Cerrado BRB;2;370;2;https://lbf.com.br/noticias/karla-costa-se-alegra-com-experiencia-de-acompanhar-de-perto-o-brasileiro-sub-15-em-curitiba/
nota oficial 7;Sampaio Basquete;2;195;2;https://lbf.com.br/noticias/nota-oficial-7/
sportv transmite ao vivo neste sabado o jogo de abertura da lbf 201415 entre americana e barretos;Sport/Uninassau/Inst. Todos;6;816;3;https://lbf.com.br/noticias/sportv-transmite-ao-vivo-neste-sabado-o-jogo-de-abertura-da-lbf-201415-entre-americana-e-barretos/
ricardo molina participa de evento da cbb com nomes historicos da modalidade;Sport/Uninassau/Inst. Todos;3;392;3;https://lbf.com.br/noticias/ricardo-molina-participa-de-evento-da-cbb-com-nomes-historicos-da-modalidade/
magic paula elogia projeto da adcf unimed;Sport/Uninassau/Inst. Todos;7;608;1;https://lbf.com.br/noticias/magic-paula-elogia-projeto-da-adcf-unimed/
vera cruz campinas e mais um semifinalista da lbf caixa 2019;Unimed Campinas Basquete;8;650;3;https://lbf.com.br/noticias/vera-cruz-campinas-e-mais-um-semifinalista-da-lbf-caixa-2019/
pivo do sampaio correa basquete aposta em rapido entrosamento da equipe;Sampaio Basquete;8;555;4;https://lbf.com.br/noticias/pivo-do-sampaio-correa-basquete-aposta-em-rapido-entrosamento-da-equipe/
sesi araraquara vence timao em dia de estreias;SESI Araraquara Basquete;9;439;4;https://lbf.com.br/noticias/sesi-araraquara-vence-timao-em-dia-de-estreias/
fortalecendo o grupo;Santo André;10;598;3;https://lbf.com.br/noticias/fortalecendo-o-grupo/
vera cruz campinas anuncia dupla ex ituano;Unimed Campinas Basquete;4;456;3;https://lbf.com.br/noticias/vera-cruz-campinas-anuncia-dupla-ex-ituano/
incrivel;Nenhum time identificado;0;677;0;https://lbf.com.br/noticias/incrivel/
trabalho concluido em 2025;Sport/Uninassau/Inst. Todos;7;603;7;https://lbf.com.br/noticias/trabalho-concluido-em-2025/
segunda etapa crucial;Nenhum time identificado;0;925;0;https://lbf.com.br/noticias/segunda-etapa-crucial/
quinteto da semana 07 lbf 1516;Santo André;10;514;3;https://lbf.com.br/noticias/quinteto-da-semana-07-lbf-1516/
fim da sina;Sport/Uninassau/Inst. Todos;3;393;3;https://lbf.com.br/noticias/fim-da-sina/
hoje tem 19h30 ad santo andre x ituano basquete;Santo André;14;431;5;https://lbf.com.br/noticias/hoje-tem-19h30-ad-santo-andre-x-ituano-basquete/
verdadeira batalha 3;Sampaio Basquete;15;811;2;https://lbf.com.br/noticias/verdadeira-batalha-3/
tati pacheco reforca o bax catanduva;Pontz São José Basketball;4;400;3;https://lbf.com.br/noticias/tati-pacheco-reforca-o-bax-catanduva/
unisociesc blumenau x ad santo andre;Santo André;12;845;6;https://lbf.com.br/noticias/unisociesc-blumenau-x-ad-santo-andre/
devidamente apresentado;Sampaio Basquete;8;389;2;https://lbf.com.br/noticias/devidamente-apresentado/
karla costa se alegra com participacao na corrida de rua de americana;Sport/Uninassau/Inst. Todos;1;299;1;https://lbf.com.br/noticias/karla-costa-se-alegra-com-participacao-na-corrida-de-rua-de-americana/
alteracao de horario em jogo da liga de basquete feminino lbf 201415;Pontz São José Basketball;6;176;3;https://lbf.com.br/noticias/alteracao-de-horario-em-jogo-da-liga-de-basquete-feminino-lbf-201415/
muita gratidao por tudo que conquistamos;SESI Araraquara Basquete;12;1130;3;https://lbf.com.br/noticias/muita-gratidao-por-tudo-que-conquistamos/
maranhao basquete contrata a experiente pivo ega garvao ex americana;Sport/Uninassau/Inst. Todos;3;477;2;https://lbf.com.br/noticias/maranhao-basquete-contrata-a-experiente-pivo-ega-garvao-ex-americana/
lbf prestigia final four do brasileirao feminino da cbb;Pontz São José Basketball;8;305;4;https://lbf.com.br/noticias/lbf-prestigia-final-four-do-brasileirao-feminino-da-cbb/
pelo basquete;Nenhum time identificado;0;503;0;https://lbf.com.br/noticias/pelo-basquete/
americana estreia com vitoria sobre o barretos na liga de basquete feminino lbf 201415;Pontz São José Basketball;2;515;2;https://lbf.com.br/noticias/americana-estreia-com-vitoria-sobre-o-barretos-na-liga-de-basquete-feminino-lbf-201415/
maranhao basquete tera estreia de cubana contra o brasilia;Sport/Uninassau/Inst. Todos;3;434;2;https://lbf.com.br/noticias/maranhao-basquete-tera-estreia-de-cubana-contra-o-brasilia/
santo andre quer chegar preparado aos campeonatos da temporada 201516;Santo André;6;344;2;https://lbf.com.br/noticias/santo-andre-quer-chegar-preparado-aos-campeonatos-da-temporada-201516/
apabbarretos vence e iguala serie semifinal do campeonato paulista da serie a 2 2014;Sport/Uninassau/Inst. Todos;1;315;1;https://lbf.com.br/noticias/apabbarretos-vence-e-iguala-serie-semifinal-do-campeonato-paulista-da-serie-a-2-2014/
pontz sao jose valente;Unimed Campinas Basquete;15;467;5;https://lbf.com.br/noticias/pontz-sao-jose-valente/
sodie mesquita lsb contrata pivo do 3x3;Sport/Uninassau/Inst. Todos;5;336;2;https://lbf.com.br/noticias/sodie-mesquita-lsb-contrata-pivo-do-3x3/
finalissima tera portoes abertos;Sampaio Basquete;8;388;3;https://lbf.com.br/noticias/finalissima-tera-portoes-abertos/
aguias na frente;Pontz São José Basketball;13;497;5;https://lbf.com.br/noticias/aguias-na-frente/
tabela definida 2;Sampaio Basquete;6;485;3;https://lbf.com.br/noticias/tabela-definida-2/
empolgou;Sampaio Basquete;23;658;2;https://lbf.com.br/noticias/empolgou/
arishow;Unimed Campinas Basquete;10;714;3;https://lbf.com.br/noticias/arishow/
sao bernardo e divino vencem nesta sexta pelo campeonato paulista feminino da serie a 2;Sport/Uninassau/Inst. Todos;1;391;1;https://lbf.com.br/noticias/sao-bernardo-e-divino-vencem-nesta-sexta-pelo-campeonato-paulista-feminino-da-serie-a-2/
trofeu quinto tempo aberta votacao para a escolha dos destaques de 2014;Sport/Uninassau/Inst. Todos;2;266;1;https://lbf.com.br/noticias/trofeu-quinto-tempo-aberta-votacao-para-a-escolha-dos-destaques-de-2014/
uma passadinha pela base 43;Sport/Uninassau/Inst. Todos;5;459;1;https://lbf.com.br/noticias/uma-passadinha-pela-base-43/
rede patrocina com exclusividade o inedito basquete 3x3 desafio das ligas;Sport/Uninassau/Inst. Todos;8;616;1;https://lbf.com.br/noticias/rede-patrocina-com-exclusividade-o-inedito-basquete-3x3-desafio-das-ligas/
paixao comanda e timao se reabilita;Pontz São José Basketball;95;770;4;https://lbf.com.br/noticias/paixao-comanda-e-timao-se-reabilita/
confira os destaques do terceiro jogo final da lbf 201415;Sport/Uninassau/Inst. Todos;19;446;1;https://lbf.com.br/noticias/confira-os-destaques-do-terceiro-jogo-final-da-lbf-201415/
na parceria;SESI Araraquara Basquete;13;477;4;https://lbf.com.br/noticias/na-parceria/
pontz sao jose carimba faixa do sesi araraquara;Pontz São José Basketball;18;478;5;https://lbf.com.br/noticias/pontz-sao-jose-carimba-faixa-do-sesi-araraquara/
basquete jaragua apresenta reforcos para disputa de sua primeira temporada na liga de basquete feminino lbf;Sport/Uninassau/Inst. Todos;3;421;3;https://lbf.com.br/noticias/basquete-jaragua-apresenta-reforcos-para-disputa-de-sua-primeira-temporada-na-liga-de-basquete-feminino-lbf/
vai comecar a decisao 2;Sampaio Basquete;4;1094;4;https://lbf.com.br/noticias/vai-comecar-a-decisao-2/
ad santo andre garante posicao para os playoffs;Santo André;94;902;5;https://lbf.com.br/noticias/ad-santo-andre-garante-posicao-para-os-playoffs/
pintou o primeiro semifinalista;SESI Araraquara Basquete;30;702;4;https://lbf.com.br/noticias/pintou-o-primeiro-semifinalista/
luto no basquete;Pontz São José Basketball;6;403;2;https://lbf.com.br/noticias/luto-no-basquete/
lbf e clubes definem protocolo anti covid 19 para o campeonato;SESI Araraquara Basquete;5;641;6;https://lbf.com.br/noticias/lbf-e-clubes-definem-protocolo-anti-covid-19-para-o-campeonato/
lbf participa em brasilia de audiencia publica sobre a modalidade;Sport/Uninassau/Inst. Todos;5;266;1;https://lbf.com.br/noticias/lbf-participa-em-brasilia-de-audiencia-publica-sobre-a-modalidade/
triunfo importante;Santo André;24;631;2;https://lbf.com.br/noticias/triunfo-importante/
sport recife e superado pelo deportivo berazategui na fase decisiva da liga das americas;Sport/Uninassau/Inst. Todos;5;359;1;https://lbf.com.br/noticias/sport-recife-e-superado-pelo-deportivo-berazategui-na-fase-decisiva-da-liga-das-americas/
novo comando;Sampaio Basquete;6;625;3;https://lbf.com.br/noticias/novo-comando/
vitoria gigante;Sport/Uninassau/Inst. Todos;31;1033;1;https://lbf.com.br/noticias/vitoria-gigante/
voltou a vencer;Santo André;20;644;3;https://lbf.com.br/noticias/voltou-a-vencer/
bem reforcado;Sport/Uninassau/Inst. Todos;1;393;1;https://lbf.com.br/noticias/bem-reforcado/
festa confirmada;Sport/Uninassau/Inst. Todos;7;527;3;https://lbf.com.br/noticias/festa-confirmada/
jogo 2 em fotos;Sport/Uninassau/Inst. Todos;9;127;1;https://lbf.com.br/noticias/jogo-2-em-fotos/
tubarao na decisao 2;Sampaio Basquete;14;561;5;https://lbf.com.br/noticias/tubarao-na-decisao-2/
hoje tem 11h sodie mesquita x bax catanduva;Sodiê Mesquita;16;383;4;https://lbf.com.br/noticias/hoje-tem-11h-sodie-mesquita-x-bax-catanduva/
tecnica canadense e cedra realizam palestra para jovens atletas e treinadores em sao jose dos campos;Pontz São José Basketball;6;265;2;https://lbf.com.br/noticias/tecnica-canadense-e-cedra-realizam-palestra-para-jovens-atletas-e-treinadores-em-sao-jose-dos-campos/
equipes definidas;Sampaio Basquete;14;1324;6;https://lbf.com.br/noticias/equipes-definidas/
bruno guidorizzi e o novo tecnico do ituano basquete;Santo André;2;365;1;https://lbf.com.br/noticias/bruno-guidorizzi-e-o-novo-tecnico-do-ituano-basquete/
brasil nas olimpiadas barcelona 1992;Sport/Uninassau/Inst. Todos;1;810;1;https://lbf.com.br/noticias/brasil-nas-olimpiadas-barcelona-1992/
corinthians paulista e americana lancam projeto de basquete feminino;Sport/Uninassau/Inst. Todos;5;482;1;https://lbf.com.br/noticias/corinthians-paulista-e-americana-lancam-projeto-de-basquete-feminino/
de olho no futuro 2;Sodiê Mesquita;6;519;5;https://lbf.com.br/noticias/de-olho-no-futuro-2/
kelly santos e apresentada como reforco do uninassauamerica;Sport/Uninassau/Inst. Todos;4;353;1;https://lbf.com.br/noticias/kelly-santos-e-apresentada-como-reforco-do-uninassauamerica/
galo se impoe e sai na frente;Santo André;14;610;3;https://lbf.com.br/noticias/galo-se-impoe-e-sai-na-frente/
concentracao maxima forca e garra;Sport/Uninassau/Inst. Todos;2;441;2;https://lbf.com.br/noticias/concentracao-maxima-forca-e-garra/
fpb define data da decisao do campeonato paulista feminino 2014;Sport/Uninassau/Inst. Todos;4;217;2;https://lbf.com.br/noticias/fpb-define-data-da-decisao-do-campeonato-paulista-feminino-2014/
ituano e sesi araraquara abrem a lbf 2022;Sampaio Basquete;7;691;6;https://lbf.com.br/noticias/ituano-e-sesi-araraquara-abrem-a-lbf-2022/
hoje tem 18h sodie mesquita x ituano basquete;Sodiê Mesquita;13;393;3;https://lbf.com.br/noticias/hoje-tem-18h-sodie-mesquita-x-ituano-basquete/
corinthiansamericana e ute decidem o titulo da primeira edicao da liga sul americana feminina de clubes;Sport/Uninassau/Inst. Todos;1;548;1;https://lbf.com.br/noticias/corinthiansamericana-e-ute-decidem-o-titulo-da-primeira-edicao-da-liga-sul-americana-feminina-de-clubes/
duelo de peso;Nenhum time identificado;0;479;0;https://lbf.com.br/noticias/duelo-de-peso/
viagem perfeita;Sport/Uninassau/Inst. Todos;13;542;3;https://lbf.com.br/noticias/viagem-perfeita/
mirando o topo;Santo André;16;623;3;https://lbf.com.br/noticias/mirando-o-topo/
bra 100x37 chi partiu semifinal;Sampaio Basquete;2;305;2;https://lbf.com.br/noticias/bra-100x37-chi-partiu-semifinal/
ta chegando a hora;Sport/Uninassau/Inst. Todos;3;723;1;https://lbf.com.br/noticias/ta-chegando-a-hora/
com apoio da torcida 2;Sodiê Mesquita;16;473;4;https://lbf.com.br/noticias/com-apoio-da-torcida-2/
corinthiansamericana promove desfile para comemorar titulo inedito da liga sul americana;Sport/Uninassau/Inst. Todos;3;371;1;https://lbf.com.br/noticias/corinthiansamericana-promove-desfile-para-comemorar-titulo-inedito-da-liga-sul-americana/
ficou pra amanha;Santo André;8;405;2;https://lbf.com.br/noticias/ficou-pra-amanha/
selecao definida para o sul americano;Sampaio Basquete;12;631;5;https://lbf.com.br/noticias/selecao-definida-para-o-sul-americano/
hoje tem 18h ituano basquete x sesi araraquara;SESI Araraquara Basquete;8;550;5;https://lbf.com.br/noticias/hoje-tem-18h-ituano-basquete-x-sesi-araraquara/
vingado;SESI Araraquara Basquete;19;615;3;https://lbf.com.br/noticias/vingado/
irretocavel;SESI Araraquara Basquete;23;500;5;https://lbf.com.br/noticias/irretocavel/
barbosa entra no hall da fama da fiba;Nenhum time identificado;0;579;0;https://lbf.com.br/noticias/barbosa-entra-no-hall-da-fama-da-fiba/
chicago de clarissa dos santos se reabilita na wnba vencendo o connecticut fora de casa;Sport/Uninassau/Inst. Todos;1;356;1;https://lbf.com.br/noticias/chicago-de-clarissa-dos-santos-se-reabilita-na-wnba-vencendo-o-connecticut-fora-de-casa/
vera cruz campinas muda de ginasio para as finais;Sampaio Basquete;9;496;3;https://lbf.com.br/noticias/vera-cruz-campinas-muda-de-ginasio-para-as-finais/
partiu semifinais;SESI Araraquara Basquete;26;760;5;https://lbf.com.br/noticias/partiu-semifinais/
basquete jaraguafme inicia o catarinense adulto feminino com derrota para o joinville;Sport/Uninassau/Inst. Todos;2;355;1;https://lbf.com.br/noticias/basquete-jaraguafme-inicia-o-catarinense-adulto-feminino-com-derrota-para-o-joinville/
pivo kelly santos reforca o sport recife na liga sul americana de clubes;Sport/Uninassau/Inst. Todos;5;443;3;https://lbf.com.br/noticias/pivo-kelly-santos-reforca-o-sport-recife-na-liga-sul-americana-de-clubes/
brasil derrota a venezuela na estreia da copa america no canada;Sport/Uninassau/Inst. Todos;2;448;1;https://lbf.com.br/noticias/brasil-derrota-a-venezuela-na-estreia-da-copa-america-no-canada/
no maranhao quem manda e o tubarao;Sampaio Basquete;18;540;3;https://lbf.com.br/noticias/no-maranhao-quem-manda-e-o-tubarao/
pelo trofeu;Sport/Uninassau/Inst. Todos;12;686;2;https://lbf.com.br/noticias/pelo-trofeu/
a aguia voou mais alto;Pontz São José Basketball;12;290;2;https://lbf.com.br/noticias/a-aguia-voou-mais-alto/
presidente venceslau e americana decidem o campeonato paulista feminino 2014 nesta sexta;Sport/Uninassau/Inst. Todos;3;298;2;https://lbf.com.br/noticias/presidente-venceslau-e-americana-decidem-o-campeonato-paulista-feminino-2014-nesta-sexta/
rio mantem a esperanca;Sport/Uninassau/Inst. Todos;5;514;4;https://lbf.com.br/noticias/rio-mantem-a-esperanca/
selecao brasileira sub 18 feminina 3x3 viaja para disputa dos jogos olimpicos da juventude;Sport/Uninassau/Inst. Todos;2;550;1;https://lbf.com.br/noticias/selecao-brasileira-sub-18-feminina-3x3-viaja-para-disputa-dos-jogos-olimpicos-da-juventude/
terceira vitoria;Sampaio Basquete;12;589;5;https://lbf.com.br/noticias/terceira-vitoria/
sport recife anuncia retorno do basquete feminino;Sport/Uninassau/Inst. Todos;7;423;1;https://lbf.com.br/noticias/sport-recife-anuncia-retorno-do-basquete-feminino/
recra e divino jogam nesta segunda pelo campeonato paulista feminino da serie a 2;Sport/Uninassau/Inst. Todos;1;245;1;https://lbf.com.br/noticias/recra-e-divino-jogam-nesta-segunda-pelo-campeonato-paulista-feminino-da-serie-a-2/
sampaio basquete confirma o sexto reforco para 2022;Sampaio Basquete;3;290;3;https://lbf.com.br/noticias/sampaio-basquete-confirma-o-sexto-reforco-para-2022/
sao jose derrota o sport recife mesmo jogando em recife nesta quinta pela lbf 201415;Pontz São José Basketball;8;455;2;https://lbf.com.br/noticias/sao-jose-derrota-o-sport-recife-mesmo-jogando-em-recife-nesta-quinta-pela-lbf-201415/
caca martins e o novo reforco do sao bernardo para a serie a 2 do campeonato paulista;Pontz São José Basketball;2;379;3;https://lbf.com.br/noticias/caca-martins-e-o-novo-reforco-do-sao-bernardo-para-a-serie-a-2-do-campeonato-paulista/
primeiro em casa;Unimed Campinas Basquete;12;443;3;https://lbf.com.br/noticias/primeiro-em-casa/
vantagem gigante;Sampaio Basquete;30;1188;2;https://lbf.com.br/noticias/vantagem-gigante/
sesi araraquara e vera cruz campinas abrem a lbf caixa 2019;Santo André;10;557;5;https://lbf.com.br/noticias/sesi-araraquara-e-vera-cruz-campinas-abrem-a-lbf-caixa-2019/
que noite gabi;Santo André;16;543;5;https://lbf.com.br/noticias/que-noite-gabi/
lbf e ituano ativam parceiros no dia internacional da mulher;Santo André;4;353;2;https://lbf.com.br/noticias/lbf-e-ituano-ativam-parceiros-no-dia-internacional-da-mulher/
adcf unimed vence em presidente venceslau conquista o titulo do campeonato paulista feminino 2014;Sport/Uninassau/Inst. Todos;2;340;1;https://lbf.com.br/noticias/adcf-unimed-vence-em-presidente-venceslau-conquista-o-titulo-do-campeonato-paulista-feminino-2014/
novo triunfo elastico do sesi araraquara;SESI Araraquara Basquete;14;420;3;https://lbf.com.br/noticias/novo-triunfo-elastico-do-sesi-araraquara/
lbf nas escolas semana 3;Unimed Campinas Basquete;4;536;2;https://lbf.com.br/noticias/lbf-nas-escolas-semana-3/
clarissa dos santos e clovis vita haddad apresentam se a selecao brasileira;Pontz São José Basketball;4;319;2;https://lbf.com.br/noticias/clarissa-dos-santos-e-clovis-vita-haddad-apresentam-se-a-selecao-brasileira/
americana faz entrega de leite arrecadado no leilao do bem;Sport/Uninassau/Inst. Todos;5;429;1;https://lbf.com.br/noticias/americana-faz-entrega-de-leite-arrecadado-no-leilao-do-bem/
casa nova;Sport/Uninassau/Inst. Todos;3;382;3;https://lbf.com.br/noticias/casa-nova/
sempre forte;Sport/Uninassau/Inst. Todos;1;617;1;https://lbf.com.br/noticias/sempre-forte/
ingressos para o jogo 3 das finais lbf caixa estao esgotados;Sampaio Basquete;7;454;3;https://lbf.com.br/noticias/ingressos-para-o-jogo-3-das-finais-lbf-caixa-estao-esgotados/
lbf 2021 2;Santo André;4;296;1;https://lbf.com.br/noticias/lbf-2021-2/
a noite da gil;Sodiê Mesquita;3;500;2;https://lbf.com.br/noticias/a-noite-da-gil/
corinthiansamericana derrota o uninassauamerica em jogo amistoso;Sport/Uninassau/Inst. Todos;6;496;2;https://lbf.com.br/noticias/corinthiansamericana-derrota-o-uninassauamerica-em-jogo-amistoso/
fabi caetano e apresentada no uninassauamerica;Pontz São José Basketball;4;312;2;https://lbf.com.br/noticias/fabi-caetano-e-apresentada-no-uninassauamerica/
sampaio basquete faz mais uma vitima;Sampaio Basquete;14;626;3;https://lbf.com.br/noticias/sampaio-basquete-faz-mais-uma-vitima/
lbf caixa nas escolas sampaio basquete;Sampaio Basquete;3;234;2;https://lbf.com.br/noticias/lbf-caixa-nas-escolas-sampaio-basquete/
ituano basquete abre inscricoes para categoria de base;Santo André;2;292;2;https://lbf.com.br/noticias/ituano-basquete-abre-inscricoes-para-categoria-de-base/
sesi sp e bradesco jogam pela serie a 2 do campeonato paulista nesta terca;Sport/Uninassau/Inst. Todos;1;263;1;https://lbf.com.br/noticias/sesi-sp-e-bradesco-jogam-pela-serie-a-2-do-campeonato-paulista-nesta-terca/
hoje tem 19h30 sampaio basquete x ad santo andre;Sampaio Basquete;10;472;5;https://lbf.com.br/noticias/hoje-tem-19h30-sampaio-basquete-x-ad-santo-andre/
gigantona;SESI Araraquara Basquete;13;526;3;https://lbf.com.br/noticias/gigantona/
a primeira 5;Santo André;22;642;5;https://lbf.com.br/noticias/a-primeira-5/
playoffs definidos 4;Santo André;6;805;5;https://lbf.com.br/noticias/playoffs-definidos-4/
pode vir lbf 2022;Sport/Uninassau/Inst. Todos;11;1443;6;https://lbf.com.br/noticias/pode-vir-lbf-2022/
de volta ao brasil;Sodiê Mesquita;6;639;3;https://lbf.com.br/noticias/de-volta-ao-brasil/
boa recuperacao;Sampaio Basquete;1;392;1;https://lbf.com.br/noticias/boa-recuperacao/
recra derrota o xv fora de casa pelo campeonato paulista feminino da serie a 2;Sport/Uninassau/Inst. Todos;1;296;1;https://lbf.com.br/noticias/recra-derrota-o-xv-fora-de-casa-pelo-campeonato-paulista-feminino-da-serie-a-2/
sodie doces mesquita lsb divulga primeira novidade da temporada;Sodiê Mesquita;2;248;2;https://lbf.com.br/noticias/sodie-doces-mesquita-lsb-divulga-primeira-novidade-da-temporada/
bra 104x47 uru vitoria centenaria e vaga na semi garantida;Sampaio Basquete;2;357;1;https://lbf.com.br/noticias/bra-104x47-uru-vitoria-centenaria-e-vaga-na-semi-garantida/
presentao;Unimed Campinas Basquete;10;596;3;https://lbf.com.br/noticias/presentao/
tubarao vence jogo eletrizante no sul;Sampaio Basquete;13;943;4;https://lbf.com.br/noticias/tubarao-vence-jogo-eletrizante-no-sul/
noite da patty;Unimed Campinas Basquete;8;639;4;https://lbf.com.br/noticias/noite-da-patty/
vera cruz campinas conhece seu adversario no desafio internacional;Unimed Campinas Basquete;10;491;2;https://lbf.com.br/noticias/vera-cruz-campinas-conhece-seu-adversario-no-desafio-internacional/
inicio de trabalho;Sampaio Basquete;5;443;4;https://lbf.com.br/noticias/inicio-de-trabalho/
selecao brasileira encara o japao precisando vencer para avancar no campeonato mundial da turquia;Sport/Uninassau/Inst. Todos;3;507;1;https://lbf.com.br/noticias/selecao-brasileira-encara-o-japao-precisando-vencer-para-avancar-no-campeonato-mundial-da-turquia/
bom inicio;Nenhum time identificado;0;597;0;https://lbf.com.br/noticias/bom-inicio/
confira os destaques da primeira partida da final da lbf 201415;Sport/Uninassau/Inst. Todos;22;518;2;https://lbf.com.br/noticias/confira-os-destaques-da-primeira-partida-da-final-da-lbf-201415/
pacotao de reforcos;Santo André;2;480;2;https://lbf.com.br/noticias/pacotao-de-reforcos/
novo caminho;Sampaio Basquete;5;333;2;https://lbf.com.br/noticias/novo-caminho/
selecao brasileira adulta feminina perde da franca e fica com o segundo lugar no torneio de limoges;Sport/Uninassau/Inst. Todos;4;466;2;https://lbf.com.br/noticias/selecao-brasileira-adulta-feminina-perde-da-franca-e-fica-com-o-segundo-lugar-no-torneio-de-limoges/
prata de valor;Sampaio Basquete;2;409;4;https://lbf.com.br/noticias/prata-de-valor/
sesi araraquara vence a 6a seguida;SESI Araraquara Basquete;23;627;3;https://lbf.com.br/noticias/sesi-araraquara-vence-a-6a-seguida/
ute e deportivo berazategui sao os primeiros classificados na liga sul americana feminina 2015;Sport/Uninassau/Inst. Todos;1;429;1;https://lbf.com.br/noticias/ute-e-deportivo-berazategui-sao-os-primeiros-classificados-na-liga-sul-americana-feminina-2015/
america mantem invencibilidade e sao jose vence fora no fechamento da quinta semana da lbf 201415;Pontz São José Basketball;12;792;3;https://lbf.com.br/noticias/america-mantem-invencibilidade-e-sao-jose-vence-fora-no-fechamento-da-quinta-semana-da-lbf-201415/
partiu argentina;Unimed Campinas Basquete;3;657;4;https://lbf.com.br/noticias/partiu-argentina/
americana e campeao da liga de basquete feminino lbf 201314;Sport/Uninassau/Inst. Todos;10;742;1;https://lbf.com.br/noticias/americana-e-campeao-da-liga-de-basquete-feminino-lbf-201314/
espero a mesma atitude do jogo 1 porem com mais intensidade;SESI Araraquara Basquete;18;641;5;https://lbf.com.br/noticias/espero-a-mesma-atitude-do-jogo-1-porem-com-mais-intensidade/
ricardo molina recebe medalha de merito ayrton senna pelos servicos prestados ao esporte de americana;Sport/Uninassau/Inst. Todos;2;334;1;https://lbf.com.br/noticias/ricardo-molina-recebe-medalha-de-merito-ayrton-senna-pelos-servicos-prestados-ao-esporte-de-americana/
ainda invictas;Sampaio Basquete;13;366;3;https://lbf.com.br/noticias/ainda-invictas/
melhores da temporada monique rebotes;Sodiê Mesquita;3;328;4;https://lbf.com.br/noticias/melhores-da-temporada-monique-rebotes/
lbf 2022 tera live de lancamento;SESI Araraquara Basquete;4;315;2;https://lbf.com.br/noticias/lbf-2022-tera-live-de-lancamento/
duelos opostos;Sport/Uninassau/Inst. Todos;5;499;3;https://lbf.com.br/noticias/duelos-opostos/
quinteto da semana 05 lbf 1516;Sport/Uninassau/Inst. Todos;1;561;1;https://lbf.com.br/noticias/quinteto-da-semana-05-lbf-1516/
alteracao no horario de quatro jogos da liga de basquete feminino lbf 201415;Sport/Uninassau/Inst. Todos;6;197;1;https://lbf.com.br/noticias/alteracao-no-horario-de-quatro-jogos-da-liga-de-basquete-feminino-lbf-201415/
tudo sob controle;Unimed Campinas Basquete;9;586;3;https://lbf.com.br/noticias/tudo-sob-controle/
destaque da temporada tassia recebe seu trofeu de quinteto ideal;Sport/Uninassau/Inst. Todos;3;488;4;https://lbf.com.br/noticias/destaque-da-temporada-tassia-recebe-seu-trofeu-de-quinteto-ideal/
selecao brasileira e superada pela anfitria turquia na abertura da zafer cup;Sport/Uninassau/Inst. Todos;4;323;1;https://lbf.com.br/noticias/selecao-brasileira-e-superada-pela-anfitria-turquia-na-abertura-da-zafer-cup/
pronta para voltar;Sampaio Basquete;6;481;3;https://lbf.com.br/noticias/pronta-para-voltar/
vitoria inedita;ADRM Maringá;11;526;6;https://lbf.com.br/noticias/vitoria-inedita/
catanduva nunca desiste de seus sonhos;Sport/Uninassau/Inst. Todos;2;430;2;https://lbf.com.br/noticias/catanduva-nunca-desiste-de-seus-sonhos/
rodrigo galego o melhor tecnico do ano 2022;Sampaio Basquete;22;659;4;https://lbf.com.br/noticias/rodrigo-galego-o-melhor-tecnico-do-ano-2022/
com mvp da lbf 2021 selecao brasileira de 3x3 e convocada;Pontz São José Basketball;2;223;4;https://lbf.com.br/noticias/com-mvp-da-lbf-2021-selecao-brasileira-de-3x3-e-convocada/
galo vence com marcas especiais;Sampaio Basquete;2;636;3;https://lbf.com.br/noticias/galo-vence-com-marcas-especiais/
brasil comeca com uma vitoria e uma derrota o mundial 3x3 fiba 18;Sport/Uninassau/Inst. Todos;4;459;2;https://lbf.com.br/noticias/brasil-comeca-com-uma-vitoria-e-uma-derrota-o-mundial-3x3-fiba-18/
sesigue o lider;SESI Araraquara Basquete;16;671;2;https://lbf.com.br/noticias/sesigue-o-lider/
jogo das estrelas resultado final votacao pela internet;Santo André;12;343;4;https://lbf.com.br/noticias/jogo-das-estrelas-resultado-final-votacao-pela-internet/
maranhao basquete mantem esperanca em superar a adcf unimedamericana;Sport/Uninassau/Inst. Todos;5;594;1;https://lbf.com.br/noticias/maranhao-basquete-mantem-esperanca-em-superar-a-adcf-unimedamericana/
karla costa inaugura point de comida saudavel em americana denominado comer sem culpa cia;Sport/Uninassau/Inst. Todos;2;418;1;https://lbf.com.br/noticias/karla-costa-inaugura-point-de-comida-saudavel-em-americana-denominado-comer-sem-culpa-cia/
valeu rio;Sampaio Basquete;4;786;6;https://lbf.com.br/noticias/valeu-rio/
brasileiras estreiam positivamente na wnba;Sport/Uninassau/Inst. Todos;5;360;1;https://lbf.com.br/noticias/brasileiras-estreiam-positivamente-na-wnba/
uninassauamerica apresenta elenco completo nesta terca feira;Sport/Uninassau/Inst. Todos;5;204;1;https://lbf.com.br/noticias/uninassauamerica-apresenta-elenco-completo-nesta-terca-feira/
nova historia;Sampaio Basquete;14;602;3;https://lbf.com.br/noticias/nova-historia/
titulares escolhidas;SESI Araraquara Basquete;6;606;5;https://lbf.com.br/noticias/titulares-escolhidas/
so segue um;Santo André;6;311;4;https://lbf.com.br/noticias/so-segue-um/
uma passadinha pela base 67;Sport/Uninassau/Inst. Todos;1;274;1;https://lbf.com.br/noticias/uma-passadinha-pela-base-67/
melhores da temporada thayna cestinha;Sodiê Mesquita;9;411;4;https://lbf.com.br/noticias/melhores-da-temporada-thayna-cestinha/
um dia e tanto;Sampaio Basquete;16;541;2;https://lbf.com.br/noticias/um-dia-e-tanto/
emocao extra;Sampaio Basquete;2;809;3;https://lbf.com.br/noticias/emocao-extra/
vamos pro jogo 5 das finais;SESI Araraquara Basquete;13;536;3;https://lbf.com.br/noticias/vamos-pro-jogo-5-das-finais/
sport recife anuncia nicolle chirinda;Sport/Uninassau/Inst. Todos;3;150;1;https://lbf.com.br/noticias/sport-recife-anuncia-nicolle-chirinda/
vamos continuar firmes nao tem nada perdido;Santo André;14;737;5;https://lbf.com.br/noticias/vamos-continuar-firmes-nao-tem-nada-perdido/
de tirar o folego;Sampaio Basquete;15;693;2;https://lbf.com.br/noticias/de-tirar-o-folego/
lateral cubana ariadna felipe e a nova contratada do uninassauamerica;Pontz São José Basketball;4;254;2;https://lbf.com.br/noticias/lateral-cubana-ariadna-felipe-e-a-nova-contratada-do-uninassauamerica/
lbf em peso na copa america;Sport/Uninassau/Inst. Todos;3;382;4;https://lbf.com.br/noticias/lbf-em-peso-na-copa-america/
guerreira dona do garrafao um coracao enorme;SESI Araraquara Basquete;5;618;1;https://lbf.com.br/noticias/guerreira-dona-do-garrafao-um-coracao-enorme/
fator paixao;SESI Araraquara Basquete;13;603;3;https://lbf.com.br/noticias/fator-paixao/
duelo de gigantes;Sampaio Basquete;2;1004;2;https://lbf.com.br/noticias/duelo-de-gigantes/
vera cruz derruba o invicto;SESI Araraquara Basquete;13;620;3;https://lbf.com.br/noticias/vera-cruz-derruba-o-invicto/
novidade no tricolor;Sampaio Basquete;5;382;2;https://lbf.com.br/noticias/novidade-no-tricolor/
lbf nas escolas tem novas datas;Santo André;6;413;3;https://lbf.com.br/noticias/lbf-nas-escolas-tem-novas-datas/
naodeixepradepois;Sport/Uninassau/Inst. Todos;1;554;1;https://lbf.com.br/noticias/naodeixepradepois/
titulo da liga de basquete feminino lbf 201415 sera definido nesta segunda em americana sp;Sport/Uninassau/Inst. Todos;8;448;2;https://lbf.com.br/noticias/titulo-da-liga-de-basquete-feminino-lbf-201415-sera-definido-nesta-segunda-em-americana-sp/
norte americana brarandie baker ja treina com elenco do sport recife;Sport/Uninassau/Inst. Todos;6;332;1;https://lbf.com.br/noticias/norte-americana-brarandie-baker-ja-treina-com-elenco-do-sport-recife/
uninassauamerica vence o mequinha na estreia do pernambucano feminino adulto;Sport/Uninassau/Inst. Todos;7;264;1;https://lbf.com.br/noticias/uninassauamerica-vence-o-mequinha-na-estreia-do-pernambucano-feminino-adulto/
tubarao tritura o pontz sao jose;Pontz São José Basketball;13;466;4;https://lbf.com.br/noticias/tubarao-tritura-o-pontz-sao-jose/
certificacao mais uma vez em dia;Sport/Uninassau/Inst. Todos;3;342;1;https://lbf.com.br/noticias/certificacao-mais-uma-vez-em-dia/
na briga;Unimed Campinas Basquete;8;534;3;https://lbf.com.br/noticias/na-briga/
por um lugar em paris;SESI Araraquara Basquete;9;487;4;https://lbf.com.br/noticias/por-um-lugar-em-paris/
galo de volta as semis;SESI Araraquara Basquete;7;511;6;https://lbf.com.br/noticias/galo-de-volta-as-semis/
torneio de 3 pontos;Santo André;14;606;2;https://lbf.com.br/noticias/torneio-de-3-pontos/
tubarao 100;Santo André;32;812;6;https://lbf.com.br/noticias/tubarao-100/
ad santo andre e unimed campinas em vantagem;Santo André;14;419;3;https://lbf.com.br/noticias/ad-santo-andre-e-unimed-campinas-em-vantagem/
damiris dantas entra pra lista da forbes;Unimed Campinas Basquete;2;252;1;https://lbf.com.br/noticias/damiris-dantas-entra-pra-lista-da-forbes/
parte 1 completa;Unimed Campinas Basquete;6;430;2;https://lbf.com.br/noticias/parte-1-completa/
jogadoras da adcf unimedamericana desfilam em carro aberto em comemoracao ao titulo da lbf 201415;Sport/Uninassau/Inst. Todos;3;388;1;https://lbf.com.br/noticias/jogadoras-da-adcf-unimedamericana-desfilam-em-carro-aberto-em-comemoracao-ao-titulo-da-lbf-201415/
sao jose se prepara para a disputa dos jogos abertos do interior;Pontz São José Basketball;8;282;2;https://lbf.com.br/noticias/sao-jose-se-prepara-para-a-disputa-dos-jogos-abertos-do-interior/
sesi na grande final;SESI Araraquara Basquete;18;597;5;https://lbf.com.br/noticias/sesi-na-grande-final/
que reforco;Sampaio Basquete;5;423;2;https://lbf.com.br/noticias/que-reforco/
vai brasil 3;Unimed Campinas Basquete;1;609;1;https://lbf.com.br/noticias/vai-brasil-3/
grande brasil;Sampaio Basquete;15;712;4;https://lbf.com.br/noticias/grande-brasil/
deu bolivia no sul;Sampaio Basquete;12;455;3;https://lbf.com.br/noticias/deu-bolivia-no-sul/
iza sangalli chega ao ituano basquete;Sport/Uninassau/Inst. Todos;1;325;1;https://lbf.com.br/noticias/iza-sangalli-chega-ao-ituano-basquete/
lbf 201415 tera 11 equipes e comecara no final do mes de novembro;Sport/Uninassau/Inst. Todos;6;412;3;https://lbf.com.br/noticias/lbf-201415-tera-11-equipes-e-comecara-no-final-do-mes-de-novembro/
liga de basquete feminino lbf cumprimenta fpb pelo seu 90o aniversario;Sport/Uninassau/Inst. Todos;4;162;1;https://lbf.com.br/noticias/liga-de-basquete-feminino-lbf-cumprimenta-fpb-pelo-seu-90o-aniversario/
que vitoria;Santo André;22;572;2;https://lbf.com.br/noticias/que-vitoria/
gringa on fire;Sport/Uninassau/Inst. Todos;8;658;3;https://lbf.com.br/noticias/gringa-on-fire/
quarta vitoria;Sodiê Mesquita;9;411;4;https://lbf.com.br/noticias/quarta-vitoria/
ingressos para o jogo entre maranhao basquete x sport recife na segunda rodada das quartas da lbf 201415 serao trocados por alimentos;Sport/Uninassau/Inst. Todos;9;514;1;https://lbf.com.br/noticias/ingressos-para-o-jogo-entre-maranhao-basquete-x-sport-recife-na-segunda-rodada-das-quartas-da-lbf-201415-serao-trocados-por-alimentos/
a sensacao da semana 1 lbf 1516;Santo André;4;335;1;https://lbf.com.br/noticias/a-sensacao-da-semana-1-lbf-1516/
brasil e superado pela australia e sofre segundo reves na fase inicial da universiade 2015;Sport/Uninassau/Inst. Todos;2;317;1;https://lbf.com.br/noticias/brasil-e-superado-pela-australia-e-sofre-segundo-reves-na-fase-inicial-da-universiade-2015/
barretos e sport recife se reabilitam jogando em casa pela quinta semana da lbf 201415;Santo André;10;715;3;https://lbf.com.br/noticias/barretos-e-sport-recife-se-reabilitam-jogando-em-casa-pela-quinta-semana-da-lbf-201415/
noite historica no borell;Sport/Uninassau/Inst. Todos;3;908;2;https://lbf.com.br/noticias/noite-historica-no-borell/
mais um;Sport/Uninassau/Inst. Todos;10;882;2;https://lbf.com.br/noticias/mais-um/
com equilibrio;Cerrado BRB;8;370;4;https://lbf.com.br/noticias/com-equilibrio/
vera cruz campinas anuncia novo treinador;Santo André;2;285;4;https://lbf.com.br/noticias/vera-cruz-campinas-anuncia-novo-treinador/
carol ross comanda o segundo dia de treinos com atletas do uninassauamerica;Sport/Uninassau/Inst. Todos;3;249;1;https://lbf.com.br/noticias/carol-ross-comanda-o-segundo-dia-de-treinos-com-atletas-do-uninassauamerica/
fds decisivo e a matematica para os playoffs;SESI Araraquara Basquete;12;846;6;https://lbf.com.br/noticias/fds-decisivo-e-a-matematica-para-os-playoffs/
sampaio segue invicto;Santo André;12;551;3;https://lbf.com.br/noticias/sampaio-segue-invicto/
barretos e americana abrem as quartas de final da liga de basquete feminino lbf 201415;Sport/Uninassau/Inst. Todos;1;633;1;https://lbf.com.br/noticias/barretos-e-americana-abrem-as-quartas-de-final-da-liga-de-basquete-feminino-lbf-201415/
pre jogo santo andreapaba x blumenau;Santo André;14;578;3;https://lbf.com.br/noticias/pre-jogo-santo-andreapaba-x-blumenau/
feliz dias das maes andreenses;Santo André;72;791;5;https://lbf.com.br/noticias/feliz-dias-das-maes-andreenses/
primeira vitoria;Sodiê Mesquita;15;475;6;https://lbf.com.br/noticias/primeira-vitoria/
confira os destaques da segunda rodada do playoff final da lbf 201314;Sport/Uninassau/Inst. Todos;11;446;3;https://lbf.com.br/noticias/confira-os-destaques-da-segunda-rodada-do-playoff-final-da-lbf-201314/
deu a logica;Nenhum time identificado;0;536;0;https://lbf.com.br/noticias/deu-a-logica/
thaissa de volta;Sport/Uninassau/Inst. Todos;3;466;2;https://lbf.com.br/noticias/thaissa-de-volta/
decisao definida;Santo André;12;528;2;https://lbf.com.br/noticias/decisao-definida/
ituano basquete x kto blumenau datas das finais;Sport/Uninassau/Inst. Todos;4;477;3;https://lbf.com.br/noticias/ituano-basquete-x-kto-blumenau-datas-das-finais/
galo da o troco no gaviao;Pontz São José Basketball;3;641;4;https://lbf.com.br/noticias/galo-da-o-troco-no-gaviao/
pro esportesorocaba se reapresenta com novidades;Sport/Uninassau/Inst. Todos;4;524;2;https://lbf.com.br/noticias/pro-esportesorocaba-se-reapresenta-com-novidades/
novo classico;Sampaio Basquete;8;663;2;https://lbf.com.br/noticias/novo-classico/
com muita emocao sport recife derrota o deportivo anzoategui no tempo extra e garante classificacao na liga sul americana feminina de clubes;Sport/Uninassau/Inst. Todos;7;594;1;https://lbf.com.br/noticias/com-muita-emocao-sport-recife-derrota-o-deportivo-anzoategui-no-tempo-extra-e-garante-classificacao-na-liga-sul-americana-feminina-de-clubes/
boa vitoria 2;Santo André;12;417;3;https://lbf.com.br/noticias/boa-vitoria-2/
match point pro tubarao;SESI Araraquara Basquete;15;513;3;https://lbf.com.br/noticias/match-point-pro-tubarao/
sesi araraquara e santo andre apaba saem na frente na semi do paulista;Santo André;6;328;3;https://lbf.com.br/noticias/sesi-araraquara-e-santo-andre-apaba-saem-na-frente-na-semi-do-paulista/
sport recife e o grande campeao do brasileirao sub 23 da cbb;Pontz São José Basketball;8;336;5;https://lbf.com.br/noticias/sport-recife-e-o-grande-campeao-do-brasileirao-sub-23-da-cbb/
lais elena devera dar nome ao ginasio do santo andreapaba;Santo André;6;288;2;https://lbf.com.br/noticias/lais-elena-devera-dar-nome-ao-ginasio-do-santo-andreapaba/
coletiva de imprensa finais lbf;Sport/Uninassau/Inst. Todos;4;524;1;https://lbf.com.br/noticias/coletiva-de-imprensa-finais-lbf/
disputa ferrenha;Santo André;4;596;3;https://lbf.com.br/noticias/disputa-ferrenha/
a sensacao da semana 04 lbf 1516;Sampaio Basquete;5;422;2;https://lbf.com.br/noticias/a-sensacao-da-semana-04-lbf-1516/
brasiliavizinhanca acerta a renovacao com duas pratas de casa;Sport/Uninassau/Inst. Todos;6;436;1;https://lbf.com.br/noticias/brasiliavizinhanca-acerta-a-renovacao-com-duas-pratas-de-casa/
virada heroica;Sport/Uninassau/Inst. Todos;4;689;3;https://lbf.com.br/noticias/virada-heroica/
o planejamento que deu certo;Sport/Uninassau/Inst. Todos;3;801;3;https://lbf.com.br/noticias/o-planejamento-que-deu-certo/
debora da costa quer o sao josecolinas shopping com outra postura no segundo jogo semifinal da lbf 201415;Pontz São José Basketball;6;347;2;https://lbf.com.br/noticias/debora-da-costa-quer-o-sao-josecolinas-shopping-com-outra-postura-no-segundo-jogo-semifinal-da-lbf-201415/
casa forte;Sport/Uninassau/Inst. Todos;9;721;5;https://lbf.com.br/noticias/casa-forte/
adcf unimedamericana treina visando a disputa da fase inicial da liga sul americana de clubes;Sport/Uninassau/Inst. Todos;2;390;1;https://lbf.com.br/noticias/adcf-unimedamericana-treina-visando-a-disputa-da-fase-inicial-da-liga-sul-americana-de-clubes/
expectativa a mil;Santo André;8;725;3;https://lbf.com.br/noticias/expectativa-a-mil/
nota oficial 12;Sport/Uninassau/Inst. Todos;3;199;2;https://lbf.com.br/noticias/nota-oficial-12/
oficialmente lancado;Sport/Uninassau/Inst. Todos;3;660;3;https://lbf.com.br/noticias/oficialmente-lancado/
invicto blumenau se prepara para o quadrangular decisivo do catarinense;Nenhum time identificado;0;497;0;https://lbf.com.br/noticias/invicto-blumenau-se-prepara-para-o-quadrangular-decisivo-do-catarinense/
sesi araraquara e santo andre estao na final do paulista;Santo André;12;346;4;https://lbf.com.br/noticias/sesi-araraquara-e-santo-andre-estao-na-final-do-paulista/
timao volta a vencer;Sodiê Mesquita;6;58;1;https://lbf.com.br/noticias/timao-volta-a-vencer/
e hoje;SESI Araraquara Basquete;11;675;5;https://lbf.com.br/noticias/e-hoje/
lance livre com debora da costa do sao josecolinas shopping;Pontz São José Basketball;4;174;2;https://lbf.com.br/noticias/lance-livre-com-debora-da-costa-do-sao-josecolinas-shopping/
quem para o sampaio basquete;Sampaio Basquete;17;734;3;https://lbf.com.br/noticias/quem-para-o-sampaio-basquete/
brasil faz amistoso contra franca antes da estreia no mundial sub 19 da russia;Sport/Uninassau/Inst. Todos;2;375;1;https://lbf.com.br/noticias/brasil-faz-amistoso-contra-franca-antes-da-estreia-no-mundial-sub-19-da-russia/
brasiliavizinhanca realiza workshop de base com nomes renomados do basquete sul americano;Sport/Uninassau/Inst. Todos;1;263;1;https://lbf.com.br/noticias/brasiliavizinhanca-realiza-workshop-de-base-com-nomes-renomados-do-basquete-sul-americano/
basquete 3x3 desafio das ligas define campeoes neste sabado;Pontz São José Basketball;4;463;3;https://lbf.com.br/noticias/basquete-3x3-desafio-das-ligas-define-campeoes-neste-sabado/
americana recebe o cacula jaragua nesta terca na sequencia da quarta semana da lbf 201415;Sport/Uninassau/Inst. Todos;2;474;1;https://lbf.com.br/noticias/americana-recebe-o-cacula-jaragua-nesta-terca-na-sequencia-da-quarta-semana-da-lbf-201415/
partiu franca;Unimed Campinas Basquete;3;560;1;https://lbf.com.br/noticias/partiu-franca/
historico;Sport/Uninassau/Inst. Todos;9;873;5;https://lbf.com.br/noticias/historico/
minnesota lynx de damaris do amaral fica fora da decisao da wnba;Pontz São José Basketball;2;431;2;https://lbf.com.br/noticias/minnesota-lynx-de-damaris-do-amaral-fica-fora-da-decisao-da-wnba/
playoffs definidos 7;SESI Araraquara Basquete;11;532;6;https://lbf.com.br/noticias/playoffs-definidos-7/
a primeira 3;Santo André;30;663;3;https://lbf.com.br/noticias/a-primeira-3/
ariadna deixa o vera cruz campinas;Unimed Campinas Basquete;5;497;4;https://lbf.com.br/noticias/ariadna-deixa-o-vera-cruz-campinas/
9166 2;Sport/Uninassau/Inst. Todos;3;261;1;https://lbf.com.br/noticias/9166-2/
campeas da america do sul;Sampaio Basquete;2;352;2;https://lbf.com.br/noticias/campeas-da-america-do-sul/
visando 2018 feacfranca conhece planejamento da lbf caixa;Sport/Uninassau/Inst. Todos;3;456;1;https://lbf.com.br/noticias/visando-2018-feacfranca-conhece-planejamento-da-lbf-caixa/
diretor da pro esporte sorocaba visita lbf;Sport/Uninassau/Inst. Todos;7;380;1;https://lbf.com.br/noticias/diretor-da-pro-esporte-sorocaba-visita-lbf/
sport recife e santo andre vencem jogando como visitante na nona semana da lbf 201415;Pontz São José Basketball;6;535;3;https://lbf.com.br/noticias/sport-recife-e-santo-andre-vencem-jogando-como-visitante-na-nona-semana-da-lbf-201415/
duas mil vezes karla;Unimed Campinas Basquete;7;518;2;https://lbf.com.br/noticias/duas-mil-vezes-karla/
antonio carlos barbosa ministrara palestra no equador em agosto;Sport/Uninassau/Inst. Todos;3;261;1;https://lbf.com.br/noticias/antonio-carlos-barbosa-ministrara-palestra-no-equador-em-agosto/
presente antecipado;Sodiê Mesquita;19;394;2;https://lbf.com.br/noticias/presente-antecipado/
cabeca em pe;Sport/Uninassau/Inst. Todos;6;616;1;https://lbf.com.br/noticias/cabeca-em-pe/
uninassauamerica apresenta uniformes para a disputa da liga de basquete feminino lbf 201415;Sport/Uninassau/Inst. Todos;4;379;1;https://lbf.com.br/noticias/uninassauamerica-apresenta-uniformes-para-a-disputa-da-liga-de-basquete-feminino-lbf-201415/
melhorando os numeros;Unimed Campinas Basquete;12;626;2;https://lbf.com.br/noticias/melhorando-os-numeros/
trabalho multidisciplinar auxiliou a selecao brasileira adulta feminina no sul americano do equador;Sport/Uninassau/Inst. Todos;3;1322;1;https://lbf.com.br/noticias/trabalho-multidisciplinar-auxiliou-a-selecao-brasileira-adulta-feminina-no-sul-americano-do-equador/
segue na ponta;Santo André;6;357;2;https://lbf.com.br/noticias/segue-na-ponta/
joice e gil abrem visitas as escolinhas em santa barbara doeste;Sport/Uninassau/Inst. Todos;4;399;1;https://lbf.com.br/noticias/joice-e-gil-abrem-visitas-as-escolinhas-em-santa-barbara-doeste/
de olho nos estaduais;Santo André;6;391;5;https://lbf.com.br/noticias/de-olho-nos-estaduais/
jogo entre sesi sp e divino pelo campeonato paulista feminino da serie a 2 e adiado;Sport/Uninassau/Inst. Todos;3;209;1;https://lbf.com.br/noticias/jogo-entre-sesi-sp-e-divino-pelo-campeonato-paulista-feminino-da-serie-a-2-e-adiado/
basquete 3x3 desafio das ligas reune os melhores times do brasil no rio de janeiro;Sport/Uninassau/Inst. Todos;7;671;3;https://lbf.com.br/noticias/basquete-3x3-desafio-das-ligas-reune-os-melhores-times-do-brasil-no-rio-de-janeiro/
playoff antecipado 2;Santo André;26;753;4;https://lbf.com.br/noticias/playoff-antecipado-2/
unisociesc blumenau desencanta em casa;Sodiê Mesquita;3;419;2;https://lbf.com.br/noticias/unisociesc-blumenau-desencanta-em-casa/
sport recife confirma contratacao da revelacao da lbf e renova com a experiente adrianinha;Sport/Uninassau/Inst. Todos;8;392;1;https://lbf.com.br/noticias/sport-recife-confirma-contratacao-da-revelacao-da-lbf-e-renova-com-a-experiente-adrianinha/
vera sai na frente;Unimed Campinas Basquete;9;473;4;https://lbf.com.br/noticias/vera-sai-na-frente/
unimed campinas mais perto do tri paulista;Santo André;6;288;2;https://lbf.com.br/noticias/unimed-campinas-mais-perto-do-tri-paulista/
macarena durso e agustina leiva sao campeas em despedida na argentina;Sport/Uninassau/Inst. Todos;1;261;1;https://lbf.com.br/noticias/macarena-durso-e-agustina-leiva-sao-campeas-em-despedida-na-argentina/
unisociesc blumenau vence sodie mesquita lsb no sul;Sodiê Mesquita;7;646;3;https://lbf.com.br/noticias/unisociesc-blumenau-vence-sodie-mesquita-lsb-no-sul/
credenciamento de imprensa jogo 3 finais lbf caixa;SESI Araraquara Basquete;6;361;3;https://lbf.com.br/noticias/credenciamento-de-imprensa-jogo-3-finais-lbf-caixa/
campeas do brasil;SESI Araraquara Basquete;25;745;5;https://lbf.com.br/noticias/campeas-do-brasil/
pela vaga nos playoffs;Pontz São José Basketball;87;893;3;https://lbf.com.br/noticias/pela-vaga-nos-playoffs/
oito clubes um objetivo;Pontz São José Basketball;13;535;7;https://lbf.com.br/noticias/oito-clubes-um-objetivo/
rival conhecido;Sampaio Basquete;15;615;2;https://lbf.com.br/noticias/rival-conhecido/
a bola vai subir 4;SESI Araraquara Basquete;13;842;3;https://lbf.com.br/noticias/a-bola-vai-subir-4/
doce vitoria;Sampaio Basquete;15;775;4;https://lbf.com.br/noticias/doce-vitoria/
estreia positiva;Santo André;12;235;2;https://lbf.com.br/noticias/estreia-positiva/
vera cruz campinas inicia distribuicao de ingressos para estreia;Sport/Uninassau/Inst. Todos;3;247;2;https://lbf.com.br/noticias/vera-cruz-campinas-inicia-distribuicao-de-ingressos-para-estreia/
para marcar na agenda;Santo André;22;647;3;https://lbf.com.br/noticias/para-marcar-na-agenda/
uma passadinha pela base 11;Sport/Uninassau/Inst. Todos;3;759;1;https://lbf.com.br/noticias/uma-passadinha-pela-base-11/
tricolor na frente;Sodiê Mesquita;65;834;6;https://lbf.com.br/noticias/tricolor-na-frente/
2015 da lbf em fotos;Sampaio Basquete;6;371;2;https://lbf.com.br/noticias/2015-da-lbf-em-fotos/
hoje tem 18h ad santo andre x sesi araraquara;Santo André;18;605;6;https://lbf.com.br/noticias/hoje-tem-18h-ad-santo-andre-x-sesi-araraquara/
folga sem descanso;Santo André;6;695;4;https://lbf.com.br/noticias/folga-sem-descanso/
reta final;Unimed Campinas Basquete;4;544;1;https://lbf.com.br/noticias/reta-final/
apos vice campeonato da lbf 201415 uninassauamerica anuncia reformulacao no elenco;Sport/Uninassau/Inst. Todos;6;366;1;https://lbf.com.br/noticias/apos-vice-campeonato-da-lbf-201415-uninassauamerica-anuncia-reformulacao-no-elenco/
simposio brasileiro de genomica e esporte sera realizado em sao paulo;Sport/Uninassau/Inst. Todos;12;446;1;https://lbf.com.br/noticias/simposio-brasileiro-de-genomica-e-esporte-sera-realizado-em-sao-paulo/
felizdiadasmaes;Sport/Uninassau/Inst. Todos;13;807;3;https://lbf.com.br/noticias/felizdiadasmaes/
cbb e fiba americas lancam projeto de capacitacao para o basquete feminino;Nenhum time identificado;0;354;0;https://lbf.com.br/noticias/cbb-e-fiba-americas-lancam-projeto-de-capacitacao-para-o-basquete-feminino/
mais novidades;Nenhum time identificado;0;427;0;https://lbf.com.br/noticias/mais-novidades/
ha 21 anos;Sport/Uninassau/Inst. Todos;3;472;1;https://lbf.com.br/noticias/ha-21-anos/
helen luz fara uma visita a selecao brasileira feminina nesta sexta em campinas;Unimed Campinas Basquete;2;279;2;https://lbf.com.br/noticias/helen-luz-fara-uma-visita-a-selecao-brasileira-feminina-nesta-sexta-em-campinas/
frente a frente novamente;SESI Araraquara Basquete;18;806;5;https://lbf.com.br/noticias/frente-a-frente-novamente/
triplo amistoso;Sport/Uninassau/Inst. Todos;6;539;4;https://lbf.com.br/noticias/triplo-amistoso/
uninassau cabo de santo agostinho anuncia erika;Sport/Uninassau/Inst. Todos;9;586;3;https://lbf.com.br/noticias/uninassau-cabo-de-santo-agostinho-anuncia-erika/
sem dificuldades;ADRM Maringá;8;471;3;https://lbf.com.br/noticias/sem-dificuldades/
rodada dupla;Sampaio Basquete;11;583;5;https://lbf.com.br/noticias/rodada-dupla/
americana renova com as laterais ariadna felipe e karla costa;Sport/Uninassau/Inst. Todos;4;395;1;https://lbf.com.br/noticias/americana-renova-com-as-laterais-ariadna-felipe-e-karla-costa/
ituano basquete contrata erika de souza;Sport/Uninassau/Inst. Todos;5;337;2;https://lbf.com.br/noticias/ituano-basquete-contrata-erika-de-souza/
sorte mesquitense;Unimed Campinas Basquete;14;588;3;https://lbf.com.br/noticias/sorte-mesquitense/
novo_capitulo;Santo André;18;749;2;https://lbf.com.br/noticias/novo_capitulo/
quem para o vera cruz campinas;Unimed Campinas Basquete;12;638;2;https://lbf.com.br/noticias/quem-para-o-vera-cruz-campinas/
deja vu andreense;Santo André;28;801;3;https://lbf.com.br/noticias/deja-vu-andreense/
historico 22 equipes registram interesse no lbf caixa 2018;Santo André;4;990;6;https://lbf.com.br/noticias/historico-22-equipes-registram-interesse-no-lbf-caixa-2018/
santo andre engata a quinta;Santo André;22;612;4;https://lbf.com.br/noticias/santo-andre-engata-a-quinta/
reacao contida;SESI Araraquara Basquete;9;432;3;https://lbf.com.br/noticias/reacao-contida/
ricardo molina e eleito dirigente do ano;Sport/Uninassau/Inst. Todos;3;389;2;https://lbf.com.br/noticias/ricardo-molina-e-eleito-dirigente-do-ano/
time brasil vence a segunda edicao do desafio das estrelas da liga de basquete feminino lbf;Sport/Uninassau/Inst. Todos;2;660;1;https://lbf.com.br/noticias/time-brasil-vence-a-segunda-edicao-do-desafio-das-estrelas-da-liga-de-basquete-feminino-lbf/
a rosinha vai subir;Santo André;8;804;6;https://lbf.com.br/noticias/a-rosinha-vai-subir/
lbf divulga resultados dos testes de covid 19 de abril;SESI Araraquara Basquete;2;416;4;https://lbf.com.br/noticias/lbf-divulga-resultados-dos-testes-de-covid-19-de-abril/
revelacao de 2019 alana fecha com o ituano basquete;Sampaio Basquete;2;512;3;https://lbf.com.br/noticias/revelacao-de-2019-alana-fecha-com-o-ituano-basquete/
a capita renovou;Sport/Uninassau/Inst. Todos;1;488;1;https://lbf.com.br/noticias/a-capita-renovou/
em seus dominios;Pontz São José Basketball;12;470;4;https://lbf.com.br/noticias/em-seus-dominios/
de_ponta a ponta;Sampaio Basquete;19;609;2;https://lbf.com.br/noticias/de_ponta-a-ponta/
sesi araraquara troca o comando;SESI Araraquara Basquete;5;319;4;https://lbf.com.br/noticias/sesi-araraquara-troca-o-comando/
erika de souza comanda vitoria do atlanta dream sobre a china na pre temporada da wnba;Sport/Uninassau/Inst. Todos;2;358;1;https://lbf.com.br/noticias/erika-de-souza-comanda-vitoria-do-atlanta-dream-sobre-a-china-na-pre-temporada-da-wnba/
com acoes sociais e entretenimento corinthiansamericana sedia etapa inicial do paulista feminino da serie a 1;Sport/Uninassau/Inst. Todos;6;682;2;https://lbf.com.br/noticias/com-acoes-sociais-e-entretenimento-corinthiansamericana-sedia-etapa-inicial-do-paulista-feminino-da-serie-a-1/
bradesco homenageia as mulheres durante o super desafio bra das estrelas;Sport/Uninassau/Inst. Todos;1;423;1;https://lbf.com.br/noticias/bradesco-homenageia-as-mulheres-durante-o-super-desafio-bra-das-estrelas/
brasil fica com o vice campeonato no 2 mundial universitario de basquete 3x3;Salvador Basketball;3;451;2;https://lbf.com.br/noticias/brasil-fica-com-o-vice-campeonato-no-2-mundial-universitario-de-basquete-3x3/
ituano mantem pilar para o paulista;Sport/Uninassau/Inst. Todos;5;412;3;https://lbf.com.br/noticias/ituano-mantem-pilar-para-o-paulista/
do inicio ao fim;Santo André;20;512;3;https://lbf.com.br/noticias/do-inicio-ao-fim/
so deu timao 2;Santo André;6;367;4;https://lbf.com.br/noticias/so-deu-timao-2/
festa tricolor;Sampaio Basquete;28;746;2;https://lbf.com.br/noticias/festa-tricolor/
janeth arcain integra o hall of fame do basquete feminino nos estados unidos;Sport/Uninassau/Inst. Todos;1;347;1;https://lbf.com.br/noticias/janeth-arcain-integra-o-hall-of-fame-do-basquete-feminino-nos-estados-unidos/
americana recebe premios em evento da federacao paulista de basketball;Sport/Uninassau/Inst. Todos;3;252;1;https://lbf.com.br/noticias/americana-recebe-premios-em-evento-da-federacao-paulista-de-basketball/
vitoria com toque argentino;Unimed Campinas Basquete;11;419;5;https://lbf.com.br/noticias/vitoria-com-toque-argentino/
lenda viva;Santo André;16;587;2;https://lbf.com.br/noticias/lenda-viva/
em reedicao da final do paulista santo andreapaba vence sao jose e e campeao dos jogos abertos;Santo André;8;201;4;https://lbf.com.br/noticias/em-reedicao-da-final-do-paulista-santo-andreapaba-vence-sao-jose-e-e-campeao-dos-jogos-abertos/
com outra grande atuacao de jaqueline santo andre fecha serie e vai as finais do paulista;Santo André;6;390;2;https://lbf.com.br/noticias/com-outra-grande-atuacao-de-jaqueline-santo-andre-fecha-serie-e-vai-as-finais-do-paulista/
sesi nas semis;SESI Araraquara Basquete;10;464;6;https://lbf.com.br/noticias/sesi-nas-semis/
isolado;Unimed Campinas Basquete;9;745;4;https://lbf.com.br/noticias/isolado/
chegou ao fim;Nenhum time identificado;0;401;0;https://lbf.com.br/noticias/chegou-ao-fim/
com 30 pontos de alana santo andreapaba fecha primeira fase na lideranca do paulista;Santo André;4;346;4;https://lbf.com.br/noticias/com-30-pontos-de-alana-santo-andreapaba-fecha-primeira-fase-na-lideranca-do-paulista/
historia diferente;Santo André;42;621;3;https://lbf.com.br/noticias/historia-diferente/
deja vu;Santo André;12;675;3;https://lbf.com.br/noticias/deja-vu/
vera na ponta;Sampaio Basquete;13;581;3;https://lbf.com.br/noticias/vera-na-ponta/
expectativa que so cresce;Sport/Uninassau/Inst. Todos;2;681;1;https://lbf.com.br/noticias/expectativa-que-so-cresce/
sosso impulsiona a 11a do sesi araraquara;Sport/Uninassau/Inst. Todos;12;647;4;https://lbf.com.br/noticias/sosso-impulsiona-a-11a-do-sesi-araraquara/
wheeler fica com o primeiro lugar no super desafio bra de habilidades;Sport/Uninassau/Inst. Todos;5;319;2;https://lbf.com.br/noticias/wheeler-fica-com-o-primeiro-lugar-no-super-desafio-bra-de-habilidades/
sesi sai na frente 2;Sodiê Mesquita;12;400;3;https://lbf.com.br/noticias/sesi-sai-na-frente-2/
ourinhos aobe tambem se redime;ADRM Maringá;8;450;4;https://lbf.com.br/noticias/ourinhos-aobe-tambem-se-redime/
na origem;Sport/Uninassau/Inst. Todos;7;646;4;https://lbf.com.br/noticias/na-origem/
vitoria na estreia;SESI Araraquara Basquete;2;350;2;https://lbf.com.br/noticias/vitoria-na-estreia/
sodie doces mesquita lsb contrata joice coelho;Sampaio Basquete;3;273;3;https://lbf.com.br/noticias/sodie-doces-mesquita-lsb-contrata-joice-coelho/
a vez do nordeste;Sport/Uninassau/Inst. Todos;7;501;2;https://lbf.com.br/noticias/a-vez-do-nordeste/
pre jogo uni x itu;Sport/Uninassau/Inst. Todos;9;656;1;https://lbf.com.br/noticias/pre-jogo-uni-x-itu/
sao jose conquista a medalha de ouro nos jogos abertos do interior de bauru;Pontz São José Basketball;14;371;3;https://lbf.com.br/noticias/sao-jose-conquista-a-medalha-de-ouro-nos-jogos-abertos-do-interior-de-bauru/
kelly santos e patricia chuca reforcam a unimedamericana;Sport/Uninassau/Inst. Todos;3;352;1;https://lbf.com.br/noticias/kelly-santos-e-patricia-chuca-reforcam-a-unimedamericana/
miguel angelo lanca academia de basquetebol no rio de janeiro;Pontz São José Basketball;2;364;2;https://lbf.com.br/noticias/miguel-angelo-lanca-academia-de-basquetebol-no-rio-de-janeiro/
choque de estrelas;Sodiê Mesquita;13;544;4;https://lbf.com.br/noticias/choque-de-estrelas/
temos o campeao;SESI Araraquara Basquete;23;712;3;https://lbf.com.br/noticias/temos-o-campeao/
radio esporte web transmite ao vivo o jogo entre adcf unimedamericana e apabunifeb barretos;Sport/Uninassau/Inst. Todos;4;198;1;https://lbf.com.br/noticias/radio-esporte-web-transmite-ao-vivo-o-jogo-entre-adcf-unimedamericana-e-apabunifeb-barretos/
o melhor da fase de grupos;Nenhum time identificado;0;636;0;https://lbf.com.br/noticias/o-melhor-da-fase-de-grupos/
bicampeas;Nenhum time identificado;0;369;0;https://lbf.com.br/noticias/bicampeas/
duas selecoes;Sport/Uninassau/Inst. Todos;11;491;3;https://lbf.com.br/noticias/duas-selecoes/
sao bernardo e bradesco vencem nesta quarta pelo paulista feminino da serie a 2;Sport/Uninassau/Inst. Todos;1;579;1;https://lbf.com.br/noticias/sao-bernardo-e-bradesco-vencem-nesta-quarta-pelo-paulista-feminino-da-serie-a-2/
com as maos calibradas tiffany hayes apresenta excelente aproveitamento nos arremessos na lbf 201415;Sport/Uninassau/Inst. Todos;5;330;1;https://lbf.com.br/noticias/com-as-maos-calibradas-tiffany-hayes-apresenta-excelente-aproveitamento-nos-arremessos-na-lbf-201415/
uma passadinha pela base 46;Sport/Uninassau/Inst. Todos;9;540;1;https://lbf.com.br/noticias/uma-passadinha-pela-base-46/
vem jogo das estrelas;Sport/Uninassau/Inst. Todos;7;519;4;https://lbf.com.br/noticias/vem-jogo-das-estrelas/
vera cruz campinas prevalece no pernambuco;Sport/Uninassau/Inst. Todos;14;579;3;https://lbf.com.br/noticias/vera-cruz-campinas-prevalece-no-pernambuco/
radio esporte web transmite ao vivo o duelo dos invictos entre uninassauamerica e adcf unimedamericana;Sport/Uninassau/Inst. Todos;6;189;1;https://lbf.com.br/noticias/radio-esporte-web-transmite-ao-vivo-o-duelo-dos-invictos-entre-uninassauamerica-e-adcf-unimedamericana/
caca martins se apresenta a selecao brasileira adulta feminina bastante animada;Unimed Campinas Basquete;4;324;2;https://lbf.com.br/noticias/caca-martins-se-apresenta-a-selecao-brasileira-adulta-feminina-bastante-animada/
americana vence com tranquilidade na estreia dos jogos regionais de itatiba;Sport/Uninassau/Inst. Todos;6;342;1;https://lbf.com.br/noticias/americana-vence-com-tranquilidade-na-estreia-dos-jogos-regionais-de-itatiba/
caca de volta;Sampaio Basquete;4;388;4;https://lbf.com.br/noticias/caca-de-volta/
bfb blumenau decide o titulo catarinense;Nenhum time identificado;0;268;0;https://lbf.com.br/noticias/bfb-blumenau-decide-o-titulo-catarinense/
nota oficial 9;Nenhum time identificado;0;88;0;https://lbf.com.br/noticias/nota-oficial-9/
selecao convoca 17 jogadoras para o pre olimpico das americas;Sampaio Basquete;7;770;5;https://lbf.com.br/noticias/selecao-convoca-17-jogadoras-para-o-pre-olimpico-das-americas/
melhores da temporada aline mvp;SESI Araraquara Basquete;10;524;5;https://lbf.com.br/noticias/melhores-da-temporada-aline-mvp/
uninassauamerica faz sua estreia no campeonato pernambucano feminino sub 19;Sport/Uninassau/Inst. Todos;6;312;1;https://lbf.com.br/noticias/uninassauamerica-faz-sua-estreia-no-campeonato-pernambucano-feminino-sub-19/
serie encerrada;Unimed Campinas Basquete;3;611;1;https://lbf.com.br/noticias/serie-encerrada/
fiba anuncia grupos do 3x3 nos jogos olimpicos da juventude;Sport/Uninassau/Inst. Todos;3;435;1;https://lbf.com.br/noticias/fiba-anuncia-grupos-do-3x3-nos-jogos-olimpicos-da-juventude/
santo andreapaba estreia na lbf 201415 com vitoria sobre o sao josecolinas shopping;Santo André;12;509;3;https://lbf.com.br/noticias/santo-andreapaba-estreia-na-lbf-201415-com-vitoria-sobre-o-sao-josecolinas-shopping/
brasil sofre o segundo reves no campeonato mundial ao ser superado pela espanha;Sport/Uninassau/Inst. Todos;2;631;1;https://lbf.com.br/noticias/brasil-sofre-o-segundo-reves-no-campeonato-mundial-ao-ser-superado-pela-espanha/
rildo accioly destaca qualidade do grupo do sport recife para disputa da liga sul americana de clubes;Sport/Uninassau/Inst. Todos;7;454;1;https://lbf.com.br/noticias/rildo-accioly-destaca-qualidade-do-grupo-do-sport-recife-para-disputa-da-liga-sul-americana-de-clubes/
sport recife se apresenta e inicia preparacao para fase final da liga sul americana de clubes;Sport/Uninassau/Inst. Todos;2;349;1;https://lbf.com.br/noticias/sport-recife-se-apresenta-e-inicia-preparacao-para-fase-final-da-liga-sul-americana-de-clubes/
grande inicio;Santo André;14;721;3;https://lbf.com.br/noticias/grande-inicio/
vida ou morte;Nenhum time identificado;0;326;0;https://lbf.com.br/noticias/vida-ou-morte/
potybaxcatanduva anuncia larissa ex venceslau;Sport/Uninassau/Inst. Todos;3;285;2;https://lbf.com.br/noticias/potybaxcatanduva-anuncia-larissa-ex-venceslau/
americana supera basquete jaragua e tambem lidera a lbf 201415 com 100 de aproveitamento;Sport/Uninassau/Inst. Todos;2;579;1;https://lbf.com.br/noticias/americana-supera-basquete-jaragua-e-tambem-lidera-a-lbf-201415-com-100-de-aproveitamento/
clarissa dos santos mantem regularidade e aparece como a atleta mais eficiente da lbf 201415;Sport/Uninassau/Inst. Todos;4;375;1;https://lbf.com.br/noticias/clarissa-dos-santos-mantem-regularidade-e-aparece-como-a-atleta-mais-eficiente-da-lbf-201415/
ana carolina galvao e eleita a melhor arbitra da lbf 2022;Sampaio Basquete;4;446;4;https://lbf.com.br/noticias/ana-carolina-galvao-e-eleita-a-melhor-arbitra-da-lbf-2022/
vale o bronze;Pontz São José Basketball;11;727;5;https://lbf.com.br/noticias/vale-o-bronze/
santo andre leva mais uma no confronto direto;Unimed Campinas Basquete;56;646;4;https://lbf.com.br/noticias/santo-andre-leva-mais-uma-no-confronto-direto/
manha de integracao;Santo André;12;397;2;https://lbf.com.br/noticias/manha-de-integracao/
boa vitoria em casa;Sodiê Mesquita;16;428;4;https://lbf.com.br/noticias/boa-vitoria-em-casa/
selecao brasileira feminina e superada pela china taipei na estreia da universiade 2015;Sport/Uninassau/Inst. Todos;4;336;1;https://lbf.com.br/noticias/selecao-brasileira-feminina-e-superada-pela-china-taipei-na-estreia-da-universiade-2015/
damiris do amaral retorna a unimedamericana;Sport/Uninassau/Inst. Todos;2;266;1;https://lbf.com.br/noticias/damiris-do-amaral-retorna-a-unimedamericana/
tricampeao;Santo André;12;271;2;https://lbf.com.br/noticias/tricampeao/
sesi araraquara volta do sul com nova vitoria;SESI Araraquara Basquete;37;581;4;https://lbf.com.br/noticias/sesi-araraquara-volta-do-sul-com-nova-vitoria/
garotas do basquete jaragua mostraram que tambem sao pe quente;Sport/Uninassau/Inst. Todos;3;446;2;https://lbf.com.br/noticias/garotas-do-basquete-jaragua-mostraram-que-tambem-sao-pe-quente/
americana vai a final dos jogos regionais de itatiba;Sport/Uninassau/Inst. Todos;6;328;1;https://lbf.com.br/noticias/americana-vai-a-final-dos-jogos-regionais-de-itatiba/
galo voa mais alto;Sport/Uninassau/Inst. Todos;8;1053;6;https://lbf.com.br/noticias/galo-voa-mais-alto/
atleta da galera escolha e vote na sua jogadora preferida da lbf 201415;Sport/Uninassau/Inst. Todos;6;378;1;https://lbf.com.br/noticias/atleta-da-galera-escolha-e-vote-na-sua-jogadora-preferida-da-lbf-201415/
com ampla vantagem;ADRM Maringá;8;459;4;https://lbf.com.br/noticias/com-ampla-vantagem/
galo vira na baixada;Sodiê Mesquita;121;833;3;https://lbf.com.br/noticias/galo-vira-na-baixada/
